query_id,corpus_id
qd4982518,dd4b9f7f6
qd4982518,dd4bf84f0
qd4982518,dd4ba3af4
qd4982518,dd4971510
qd4982518,dd4be45d6
qd4982518,dd4c4fb38
qd4982518,dd4b89cbc
qd4982518,dd4b87d18
qd4982518,dd4ba3590
qd4982518,dd4ba7a78
qd49795a8,dd4979602
qd49795a8,dd4befb5c
qd49795a8,dd4b9e8ce
qd49795a8,dd497d504
qd49795a8,dd4c3cc86
qd49795a8,dd4bca6ea
qd49795a8,dd4c596a6
qd49795a8,dd4c26116
qd49795a8,dd497d70c
qd49795a8,dd4979f76
qd496f724,dd4c544d0
qd496f724,dd4bdad7e
qd496f724,dd4c648e4
qd496f724,dd4983698
qd496f724,dd4b94ff4
qd496f724,dd4bcf62c
qd496f724,dd4c1fcb2
qd496f724,dd4c27be2
qd496f724,dd4bb7108
qd496f724,dd4bcab5e
qd496f102,dd4b985b4
qd496f102,dd4bcce18
qd496f102,dd49781f8
qd496f102,dd4ba8662
qd496f102,dd4b90ada
qd496f102,dd4ba1894
qd496f102,dd4b93a82
qd496f102,dd4bf6a7e
qd496f102,dd4bcf794
qd496f102,dd4bd5eb4
qd496f918,dd4bbbab4
qd496f918,dd4baf534
qd496f918,dd4ba0908
qd496f918,dd4c60bae
qd496f918,dd4c229ee
qd496f918,dd4982f7c
qd496f918,dd496f968
qd496f918,dd4c1e48e
qd496f918,dd4b8761a
qd496f918,dd4c17c74
qd49859fc,dd4be9d60
qd49859fc,dd4c4f6b0
qd49859fc,dd497692a
qd49859fc,dd4bad2b6
qd49859fc,dd4b8ef96
qd49859fc,dd4b9c40c
qd49859fc,dd4b9a936
qd49859fc,dd4b9d19a
qd49859fc,dd4b90ada
qd49859fc,dd4c0eb56
qd4981d2a,dd496ed24
qd4981d2a,dd4c2f16c
qd4981d2a,dd4bc36b0
qd4981d2a,dd4bd52b6
qd4981d2a,dd4bae530
qd4981d2a,dd4c20c52
qd4981d2a,dd4b957d8
qd4981d2a,dd4ba1894
qd4981d2a,dd4b8ebcc
qd4981d2a,dd4b8ef96
qd497d4aa,dd4979602
qd497d4aa,dd4befb5c
qd497d4aa,dd4b9e8ce
qd497d4aa,dd4bd153a
qd497d4aa,dd497d504
qd497d4aa,dd4c3cc86
qd497d4aa,dd4c4f5de
qd497d4aa,dd497d298
qd497d4aa,dd4ba5fa2
qd497d4aa,dd4979f76
qd497e0ee,dd497e134
qd497e0ee,dd4c5f498
qd497e0ee,dd4bce560
qd497e0ee,dd4c31dd6
qd497e0ee,dd4bf6650
qd497e0ee,dd4c001dc
qd497e0ee,dd4bba038
qd497e0ee,dd4c14a24
qd497e0ee,dd4bccf58
qd497e0ee,dd4c2d858
qd49850c4,dd49763da
qd49850c4,dd4c4e0f8
qd49850c4,dd4b974d4
qd49850c4,dd49732c0
qd49850c4,dd4c1e8a8
qd49850c4,dd4ba3c48
qd49850c4,dd4bbde0e
qd49850c4,dd4c5a20e
qd49850c4,dd4c4fec6
qd49850c4,dd4c42172
qd4982d6a,dd4bb6a78
qd4982d6a,dd4bd4618
qd4982d6a,dd4c5c3b0
qd4982d6a,dd4b9e068
qd4982d6a,dd4b96a84
qd4982d6a,dd4bd5eb4
qd4982d6a,dd4973d88
qd4982d6a,dd4bbc31a
qd4982d6a,dd4c1201c
qd4982d6a,dd4c45e44
qd498998a,dd4b9cccc
qd498998a,dd4c13e26
qd498998a,dd4bbfb96
qd498998a,dd4c14a24
qd498998a,dd498ba0a
qd498998a,dd4bf89fa
qd498998a,dd4bcca62
qd498998a,dd4bc2f30
qd498998a,dd4bf481e
qd498998a,dd4b9e068
qd4977906,dd4ba3e6e
qd4977906,dd496d938
qd4977906,dd4ba91e8
qd4977906,dd4b8ebcc
qd4977906,dd4b9a936
qd4977906,dd4b86b98
qd4977906,dd4bbb17c
qd4977906,dd4b912fa
qd4977906,dd4ba1894
qd4977906,dd4bb7108
qd498a6dc,dd497bae2
qd498a6dc,dd4c38834
qd498a6dc,dd4bae42c
qd498a6dc,dd4bdddee
qd498a6dc,dd4be0b84
qd498a6dc,dd4bb8daa
qd498a6dc,dd4b952d8
qd498a6dc,dd4ba1894
qd498a6dc,dd4c608ac
qd498a6dc,dd4bc12fc
qd498f128,dd4c596a6
qd498f128,dd49780b8
qd498f128,dd4bc0f5a
qd498f128,dd4bc53f2
qd498f128,dd4ba543a
qd498f128,dd4bb43c2
qd498f128,dd4b89762
qd498f128,dd4b93e60
qd498f128,dd4bdcc0a
qd498f128,dd4ba4e36
qd4973770,dd4bbbab4
qd4973770,dd4baf534
qd4973770,dd4ba0908
qd4973770,dd4c60bae
qd4973770,dd4ba8856
qd4973770,dd4c229ee
qd4973770,dd4b91b88
qd4973770,dd4975d4a
qd4973770,dd4bf8928
qd4973770,dd496f968
qd498d6fc,dd4ba5fa2
qd498d6fc,dd497d298
qd498d6fc,dd498af42
qd498d6fc,dd4c37dd0
qd498d6fc,dd4bdcc0a
qd498d6fc,dd4b8da4c
qd498d6fc,dd4c1a4c4
qd498d6fc,dd4bbc040
qd498d6fc,dd4c596a6
qd498d6fc,dd497587c
qd496d118,dd4bfd414
qd496d118,dd4bd5eb4
qd496d118,dd496d15e
qd496d118,dd4baa548
qd496d118,dd4bc09b0
qd496d118,dd4c04c14
qd496d118,dd4bd0162
qd496d118,dd4c4d522
qd496d118,dd4bd74e4
qd496d118,dd4bc12fc
qd496f594,dd4bbe2a0
qd496f594,dd496f5c6
qd496f594,dd4bff354
qd496f594,dd4c08bd4
qd496f594,dd4c24e1a
qd496f594,dd4c4e0f8
qd496f594,dd4c0119a
qd496f594,dd4ba7f28
qd496f594,dd4bc7eb8
qd496f594,dd4ba3590
qd49825e0,dd4970e26
qd49825e0,dd496ce98
qd49825e0,dd4c1311a
qd49825e0,dd4bcef88
qd49825e0,dd4c51988
qd49825e0,dd4979602
qd49825e0,dd4bee25c
qd49825e0,dd4bdcc0a
qd49825e0,dd4ba543a
qd49825e0,dd4c3cc86
qd497a3b8,dd4c4bc68
qd497a3b8,dd49763da
qd497a3b8,dd4bd25ac
qd497a3b8,dd4c1e8a8
qd497a3b8,dd4bd7228
qd497a3b8,dd4b974d4
qd497a3b8,dd4c4e0f8
qd497a3b8,dd4c46150
qd497a3b8,dd4bbde0e
qd497a3b8,dd4c42172
qd497c528,dd4c5bdf2
qd497c528,dd497fd7c
qd497c528,dd4c09a2a
qd497c528,dd4c54d9a
qd497c528,dd4bbf650
qd497c528,dd4be9338
qd497c528,dd4bf11a0
qd497c528,dd4be43d8
qd497c528,dd4ba0908
qd497c528,dd4bd7caa
qd498f394,dd4c4e0f8
qd498f394,dd4ba3af4
qd498f394,dd4bff354
qd498f394,dd4c08bd4
qd498f394,dd498b1f4
qd498f394,dd497a3f4
qd498f394,dd4bc75f8
qd498f394,dd4c4bc68
qd498f394,dd4c0d670
qd498f394,dd4bd25ac
qd4980326,dd4b9cfc4
qd4980326,dd4c111ee
qd4980326,dd4b97e7a
qd4980326,dd4bf5a52
qd4980326,dd4bfd69e
qd4980326,dd4bb82e2
qd4980326,dd4c20842
qd4980326,dd4c3eb94
qd4980326,dd4c51a78
qd4980326,dd4bb957a
qd498cc2a,dd497ad9a
qd498cc2a,dd4b94ed2
qd498cc2a,dd4c0781a
qd498cc2a,dd4bbe1b0
qd498cc2a,dd497cdca
qd498cc2a,dd4be50b2
qd498cc2a,dd4b9445a
qd498cc2a,dd4bbf27c
qd498cc2a,dd4ba9d28
qd498cc2a,dd4ba75b4
qd497b7e0,dd496f2ec
qd497b7e0,dd4bc9a9c
qd497b7e0,dd4c1201c
qd497b7e0,dd4c5d0f8
qd497b7e0,dd4bd3d9e
qd497b7e0,dd4be5ef4
qd497b7e0,dd497edaa
qd497b7e0,dd4b9045e
qd497b7e0,dd4b926f0
qd497b7e0,dd4c066e0
qd498ed9a,dd496f2ec
qd498ed9a,dd4b8761a
qd498ed9a,dd4ba5fa2
qd498ed9a,dd4bf81e4
qd498ed9a,dd4b9f292
qd498ed9a,dd4c58382
qd498ed9a,dd497d298
qd498ed9a,dd4bf8928
qd498ed9a,dd4bc12fc
qd498ed9a,dd4c619b4
qd498e660,dd4c53d0a
qd498e660,dd4c1fcb2
qd498e660,dd4c178a0
qd498e660,dd4ba4e36
qd498e660,dd4b94ff4
qd498e660,dd4c648e4
qd498e660,dd4983698
qd498e660,dd4c02784
qd498e660,dd4beaaee
qd498e660,dd4bc9542
qd498d5e4,dd4c32894
qd498d5e4,dd497edaa
qd498d5e4,dd4bc0adc
qd498d5e4,dd4b88aa6
qd498d5e4,dd4c13e26
qd498d5e4,dd4975d4a
qd498d5e4,dd4bb66cc
qd498d5e4,dd4b91b88
qd498d5e4,dd4973d88
qd498d5e4,dd4be8cbc
qd497c92e,dd4c37dd0
qd497c92e,dd4ba5fa2
qd497c92e,dd4bcdcaa
qd497c92e,dd4b9f292
qd497c92e,dd497587c
qd497c92e,dd4c5d6ca
qd497c92e,dd4c26116
qd497c92e,dd4bcdaf2
qd497c92e,dd4b8883a
qd497c92e,dd4c4af66
qd498c428,dd4ba3e6e
qd498c428,dd496d938
qd498c428,dd4bbb17c
qd498c428,dd4ba91e8
qd498c428,dd4b912fa
qd498c428,dd4c066e0
qd498c428,dd4b8ebcc
qd498c428,dd4bcc7c4
qd498c428,dd4bb6a78
qd498c428,dd4b9a936
qd4978d1a,dd4ba07d2
qd4978d1a,dd4bd938e
qd4978d1a,dd4c5a574
qd4978d1a,dd4c4d108
qd4978d1a,dd4bae31e
qd4978d1a,dd4bcee8e
qd4978d1a,dd4c4cc62
qd4978d1a,dd4c33230
qd4978d1a,dd4ba02f0
qd4978d1a,dd4bc6856
qd49792ba,dd4bbc040
qd49792ba,dd4ba276c
qd49792ba,dd4c0ce78
qd49792ba,dd497d70c
qd49792ba,dd4bd74e4
qd49792ba,dd4baa548
qd49792ba,dd4bc12fc
qd49792ba,dd4985452
qd49792ba,dd4bce1c8
qd49792ba,dd4bf04da
qd4980a06,dd4980a42
qd4980a06,dd4b9f7f6
qd4980a06,dd4b87d18
qd4980a06,dd4bf5e44
qd4980a06,dd4c657f8
qd4980a06,dd4971178
qd4980a06,dd4c13b60
qd4980a06,dd4c64272
qd4980a06,dd4ba4ad0
qd4980a06,dd4b87340
qd4973c3e,dd4973c8e
qd4973c3e,dd4bdb3be
qd4973c3e,dd4c31ebc
qd4973c3e,dd4b8b4d6
qd4973c3e,dd4c1d62e
qd4973c3e,dd4bf7820
qd4973c3e,dd4c65154
qd4973c3e,dd4c473d4
qd4973c3e,dd4bdd420
qd4973c3e,dd4bda392
qd4986d0c,dd49797ec
qd4986d0c,dd4b8da4c
qd4986d0c,dd4b97e7a
qd4986d0c,dd4c56e56
qd4986d0c,dd4b8b4d6
qd4986d0c,dd4ba5fa2
qd4986d0c,dd4c44418
qd4986d0c,dd4b9cad8
qd4986d0c,dd4bcdaf2
qd4986d0c,dd4c5d6ca
qd498650a,dd498655a
qd498650a,dd4c4cf78
qd498650a,dd4b8d254
qd498650a,dd4bb1e4c
qd498650a,dd4bf30e0
qd498650a,dd4bc4c36
qd498650a,dd4b9649e
qd498650a,dd4c05bc8
qd498650a,dd4bc000a
qd498650a,dd4ba90f8
qd498c8b0,dd4979602
qd498c8b0,dd49870ae
qd498c8b0,dd4bbc5d6
qd498c8b0,dd49732c0
qd498c8b0,dd4987432
qd498c8b0,dd4ba543a
qd498c8b0,dd4bca6ea
qd498c8b0,dd4ba1894
qd498c8b0,dd4b90ada
qd498c8b0,dd4bcc1f2
qd49781b2,dd49781f8
qd49781b2,dd4c51988
qd49781b2,dd4b9a936
qd49781b2,dd4be27ae
qd49781b2,dd4b933fc
qd49781b2,dd4c4a3cc
qd49781b2,dd4bc0dd4
qd49781b2,dd4970e26
qd49781b2,dd4b93e60
qd49781b2,dd4c1311a
qd498b1b8,dd4bc53f2
qd498b1b8,dd4b9ea7c
qd498b1b8,dd4bb1e4c
qd498b1b8,dd4ba4fb2
qd498b1b8,dd4c17616
qd498b1b8,dd4b89762
qd498b1b8,dd4b9a936
qd498b1b8,dd4b8d39e
qd498b1b8,dd4c45e44
qd498b1b8,dd4b9b93a
qd497214a,dd4972226
qd497214a,dd4b93a82
qd497214a,dd49870ae
qd497214a,dd4b89762
qd497214a,dd4987a22
qd497214a,dd49732c0
qd497214a,dd4bb8daa
qd497214a,dd49781f8
qd497214a,dd4bd5eb4
qd497214a,dd4ba543a
qd4972b4a,dd4bc7eb8
qd4972b4a,dd4ba4e36
qd4972b4a,dd4c0fb0a
qd4972b4a,dd4c33230
qd4972b4a,dd4b953dc
qd4972b4a,dd4c5a20e
qd4972b4a,dd4b89942
qd4972b4a,dd4bd938e
qd4972b4a,dd4bcfe2e
qd4972b4a,dd4ba3af4
qd4979c6a,dd4bdb65c
qd4979c6a,dd4bbd300
qd4979c6a,dd4bc45a6
qd4979c6a,dd4c17616
qd4979c6a,dd4c248b6
qd4979c6a,dd4bca866
qd4979c6a,dd4bce1c8
qd4979c6a,dd4bd0d60
qd4979c6a,dd4b9c02e
qd4979c6a,dd4bd74e4
qd498c2de,dd498c338
qd498c2de,dd4b93a82
qd498c2de,dd4b9a152
qd498c2de,dd4bd153a
qd498c2de,dd4b8e2a8
qd498c2de,dd4bc28d2
qd498c2de,dd4c247c6
qd498c2de,dd49741fc
qd498c2de,dd497314e
qd498c2de,dd4b901ac
qd496e4f0,dd4bc7a6c
qd496e4f0,dd4b9445a
qd496e4f0,dd4c5c3b0
qd496e4f0,dd4973d88
qd496e4f0,dd4b9e068
qd496e4f0,dd4b93a82
qd496e4f0,dd4bb6a78
qd496e4f0,dd4b9ea7c
qd496e4f0,dd4987a22
qd496e4f0,dd4bd4618
qd4988300,dd49797ec
qd4988300,dd4ba5fa2
qd4988300,dd498af42
qd4988300,dd4bd03a6
qd4988300,dd4c596a6
qd4988300,dd4c323bc
qd4988300,dd4bdcc0a
qd4988300,dd4bd3d9e
qd4988300,dd4bf81e4
qd4988300,dd4c5bdf2
qd497b4e8,dd497b524
qd497b4e8,dd4ba74c4
qd497b4e8,dd4c08e0e
qd497b4e8,dd4bb90d4
qd497b4e8,dd4b8f1c6
qd497b4e8,dd4c4e0f8
qd497b4e8,dd4c08bd4
qd497b4e8,dd4b994c8
qd497b4e8,dd4bedfe6
qd497b4e8,dd4bce1c8
qd496fbca,dd496fc06
qd496fbca,dd4bc7b52
qd496fbca,dd4bc7c60
qd496fbca,dd4976a9c
qd496fbca,dd4b8c7be
qd496fbca,dd4972226
qd496fbca,dd4bdcc0a
qd496fbca,dd4bed97e
qd496fbca,dd4bcc7c4
qd496fbca,dd4be9ad6
qd4970ce6,dd4ba4fb2
qd4970ce6,dd4b92614
qd4970ce6,dd4baad2c
qd4970ce6,dd4bd74e4
qd4970ce6,dd4c282fe
qd4970ce6,dd4bd7caa
qd4970ce6,dd4ba2c44
qd4970ce6,dd4bb7108
qd4970ce6,dd4c09a2a
qd4970ce6,dd498682a
qd49885da,dd4c2cb10
qd49885da,dd4bc9f60
qd49885da,dd4c18b10
qd49885da,dd4b985b4
qd49885da,dd4b9445a
qd49885da,dd4bcc7c4
qd49885da,dd49811d6
qd49885da,dd4bcce18
qd49885da,dd4bd7caa
qd49885da,dd4bd5eb4
qd4982112,dd4b9dc1c
qd4982112,dd4bb655a
qd4982112,dd4baaef8
qd4982112,dd4ba7a78
qd4982112,dd498b1f4
qd4982112,dd4bc75f8
qd4982112,dd4c4d248
qd4982112,dd4b9fe5e
qd4982112,dd4c0d670
qd4982112,dd4b89cbc
qd498411a,dd4b90684
qd498411a,dd4bea9d6
qd498411a,dd49811d6
qd498411a,dd4bb6b4a
qd498411a,dd4c1d62e
qd498411a,dd497354a
qd498411a,dd4b8b4d6
qd498411a,dd4b95fc6
qd498411a,dd4973c8e
qd498411a,dd4bf7820
qd498d21a,dd496fc06
qd498d21a,dd4bc7b52
qd498d21a,dd4c4fb38
qd498d21a,dd4bdbdd2
qd498d21a,dd4bc53f2
qd498d21a,dd4bf84f0
qd498d21a,dd4be9ad6
qd498d21a,dd4ba3af4
qd498d21a,dd4bc7a6c
qd498d21a,dd4b89762
qd4982770,dd4983698
qd4982770,dd4c1fcb2
qd4982770,dd4c53d0a
qd4982770,dd4b94ff4
qd4982770,dd4c58e5e
qd4982770,dd4c544d0
qd4982770,dd4988f26
qd4982770,dd4bd1c42
qd4982770,dd4c4a566
qd4982770,dd4bc314c
qd498de22,dd4976a9c
qd498de22,dd4bc7c60
qd498de22,dd4b8c7be
qd498de22,dd4b8fe50
qd498de22,dd4c1201c
qd498de22,dd4bea698
qd498de22,dd4bb43c2
qd498de22,dd4c53418
qd498de22,dd4b8f61c
qd498de22,dd4b8d556
qd498a5e2,dd4c5ee94
qd498a5e2,dd497a156
qd498a5e2,dd4b9cfc4
qd498a5e2,dd4b9c40c
qd498a5e2,dd4b95fc6
qd498a5e2,dd4b8b4d6
qd498a5e2,dd49811d6
qd498a5e2,dd4c5e9a8
qd498a5e2,dd4bd711a
qd498a5e2,dd4c65154
qd498ce96,dd4b91048
qd498ce96,dd4b87796
qd498ce96,dd4ba057a
qd498ce96,dd4b8f842
qd498ce96,dd4ba0ca0
qd498ce96,dd4c14146
qd498ce96,dd4ba981e
qd498ce96,dd4ba3c48
qd498ce96,dd4bb1d3e
qd498ce96,dd4c51a78
qd497b95c,dd497b9d4
qd497b95c,dd4bb4980
qd497b95c,dd4bbf380
qd497b95c,dd4c528e2
qd497b95c,dd4bb7270
qd497b95c,dd4b9ec5c
qd497b95c,dd4bce6be
qd497b95c,dd4c1bfb8
qd497b95c,dd4b95954
qd497b95c,dd4ba07d2
qd4978306,dd4be687c
qd4978306,dd4bc12fc
qd4978306,dd4c3c8e4
qd4978306,dd4bcaf0a
qd4978306,dd4ba302c
qd4978306,dd4bef5da
qd4978306,dd4baad2c
qd4978306,dd4c4ed78
qd4978306,dd4ba8662
qd4978306,dd4c248b6
qd4988422,dd4bd1de6
qd4988422,dd4bb66cc
qd4988422,dd4973d88
qd4988422,dd4bcbb1c
qd4988422,dd4bef5da
qd4988422,dd4b8ef96
qd4988422,dd4bc8c64
qd4988422,dd4c596a6
qd4988422,dd49780b8
qd4988422,dd4970318
qd4981186,dd49811d6
qd4981186,dd4c5ee94
qd4981186,dd4b9cfc4
qd4981186,dd4bd711a
qd4981186,dd4b9c40c
qd4981186,dd4c111ee
qd4981186,dd4c53260
qd4981186,dd4bcf956
qd4981186,dd4beac7e
qd4981186,dd4bd2bd8
qd4976d12,dd4976d62
qd4976d12,dd4986424
qd4976d12,dd4bd5eb4
qd4976d12,dd4bd74e4
qd4976d12,dd4b8da4c
qd4976d12,dd4b9a936
qd4976d12,dd4c619b4
qd4976d12,dd4bcdaf2
qd4976d12,dd4bc12fc
qd4976d12,dd4bde83e
qd4971344,dd4c5e502
qd4971344,dd4c248b6
qd4971344,dd4b93a82
qd4971344,dd4c282fe
qd4971344,dd4bc12fc
qd4971344,dd4bdb65c
qd4971344,dd4987a22
qd4971344,dd4c5fd4e
qd4971344,dd4b92a2e
qd4971344,dd4beee14
qd498cb30,dd4ba534a
qd498cb30,dd4b90ada
qd498cb30,dd4bb1e4c
qd498cb30,dd4bf30e0
qd498cb30,dd4972226
qd498cb30,dd4b9698a
qd498cb30,dd4bd5eb4
qd498cb30,dd4b985b4
qd498cb30,dd49732c0
qd498cb30,dd4bcc1f2
qd4989ac0,dd497b6a0
qd4989ac0,dd4bc8c64
qd4989ac0,dd4bd5eb4
qd4989ac0,dd4b8bf1c
qd4989ac0,dd4bc5ca8
qd4989ac0,dd4beb624
qd4989ac0,dd4bd3d9e
qd4989ac0,dd4c473d4
qd4989ac0,dd4c4dea0
qd4989ac0,dd4c0831e
qd4987784,dd4c1a4c4
qd4987784,dd4b89762
qd4987784,dd49797ec
qd4987784,dd4b996e4
qd4987784,dd4b9ea7c
qd4987784,dd4baa548
qd4987784,dd4c3af26
qd4987784,dd4b90ada
qd4987784,dd4c26116
qd4987784,dd4b8d556
qd4983b3e,dd4c5d6ca
qd4983b3e,dd4baad2c
qd4983b3e,dd4bd7caa
qd4983b3e,dd4bec2fe
qd4983b3e,dd4ba5fa2
qd4983b3e,dd4c539b8
qd4983b3e,dd4b9f292
qd4983b3e,dd49899f8
qd4983b3e,dd4b8da4c
qd4983b3e,dd4c580b2
qd497843c,dd4c0ce78
qd497843c,dd4bd5eb4
qd497843c,dd4bd74e4
qd497843c,dd4bd7caa
qd497843c,dd4bc7db4
qd497843c,dd4bb6c12
qd497843c,dd4c04c14
qd497843c,dd4972a1e
qd497843c,dd4bc12fc
qd497843c,dd4be623c
qd497feb2,dd4bb82e2
qd497feb2,dd4c46786
qd497feb2,dd4b974d4
qd497feb2,dd4c4e0f8
qd497feb2,dd4c59b2e
qd497feb2,dd4bc2e5e
qd497feb2,dd4c4cc62
qd497feb2,dd4c51b22
qd497feb2,dd4c46150
qd497feb2,dd4bd938e
qd4970de0,dd496ce98
qd4970de0,dd4bee25c
qd4970de0,dd4970e26
qd4970de0,dd4c1311a
qd4970de0,dd4c0e5c0
qd4970de0,dd4bed492
qd4970de0,dd4ba3af4
qd4970de0,dd4b93a82
qd4970de0,dd4b916e2
qd4970de0,dd4c51988
qd498694c,dd49869a6
qd498694c,dd4bee9d2
qd498694c,dd4b88aa6
qd498694c,dd4b90ada
qd498694c,dd4bb8602
qd498694c,dd4b9cad8
qd498694c,dd4be50b2
qd498694c,dd4b9a152
qd498694c,dd4bd153a
qd498694c,dd4bba038
qd497fc46,dd4c08bd4
qd497fc46,dd4ba7f28
qd497fc46,dd4bb90d4
qd497fc46,dd4c2c872
qd497fc46,dd4b8f1c6
qd497fc46,dd4c36fde
qd497fc46,dd4bf9c7e
qd497fc46,dd4bff354
qd497fc46,dd4ba02f0
qd497fc46,dd4bdfb4e
qd496dc08,dd4973d88
qd496dc08,dd4b9e068
qd496dc08,dd4bf8c16
qd496dc08,dd4ba534a
qd496dc08,dd4ba90f8
qd496dc08,dd498655a
qd496dc08,dd49781f8
qd496dc08,dd4bcf794
qd496dc08,dd4b8df74
qd496dc08,dd4c2add8
qd498fc86,dd4b9af30
qd498fc86,dd4c3e3e2
qd498fc86,dd4bcff28
qd498fc86,dd4c53260
qd498fc86,dd4c111ee
qd498fc86,dd4c4c0f0
qd498fc86,dd4c4dea0
qd498fc86,dd4bbb370
qd498fc86,dd4bcbb1c
qd498fc86,dd4bdd420
qd496f404,dd4bc9bbe
qd496f404,dd4b952d8
qd496f404,dd4c47e6a
qd496f404,dd4ba4e36
qd496f404,dd4c596a6
qd496f404,dd4be7ede
qd496f404,dd4bb0038
qd496f404,dd4bf6a7e
qd496f404,dd4bd1de6
qd496f404,dd4c619b4
qd49703d6,dd4b88aa6
qd49703d6,dd4b90bb6
qd49703d6,dd4bc2044
qd49703d6,dd4bae530
qd49703d6,dd4c13e26
qd49703d6,dd4b9cccc
qd49703d6,dd497edaa
qd49703d6,dd4c32894
qd49703d6,dd4bc0adc
qd49703d6,dd4b8da4c
qd4974436,dd496fc06
qd4974436,dd4bc7b52
qd4974436,dd4c528e2
qd4974436,dd4bbf380
qd4974436,dd4c4ee72
qd4974436,dd4b8f518
qd4974436,dd4bc7c60
qd4974436,dd496d5d2
qd4974436,dd4b9405e
qd4974436,dd4976a9c
qd4981bfe,dd497e4cc
qd4981bfe,dd4c63b10
qd4981bfe,dd4c0ce78
qd4981bfe,dd4b89eec
qd4981bfe,dd4c596a6
qd4981bfe,dd4bc0190
qd4981bfe,dd4c09a2a
qd4981bfe,dd4bb340e
qd4981bfe,dd496cd4e
qd4981bfe,dd4ba203c
qd4983256,dd4c04f66
qd4983256,dd4b8f1c6
qd4983256,dd4bb90d4
qd4983256,dd4baca00
qd4983256,dd4c54d9a
qd4983256,dd4bbae02
qd4983256,dd4c4e0f8
qd4983256,dd4c08bd4
qd4983256,dd4b97e7a
qd4983256,dd4c56e56
qd496fd00,dd497d298
qd496fd00,dd4ba5fa2
qd496fd00,dd498af42
qd496fd00,dd4bdcc0a
qd496fd00,dd4b8da4c
qd496fd00,dd4c596a6
qd496fd00,dd4c1a4c4
qd496fd00,dd4b9f292
qd496fd00,dd4c63b10
qd496fd00,dd4b9e234
qd4988a76,dd4bc8b4c
qd4988a76,dd497ad9a
qd4988a76,dd4c0781a
qd4988a76,dd4bafd54
qd4988a76,dd4c1bfb8
qd4988a76,dd4bcc7c4
qd4988a76,dd4c2add8
qd4988a76,dd4b94ed2
qd4988a76,dd4ba8144
qd4988a76,dd4c4f5de
qd497a926,dd4c0781a
qd497a926,dd4bb5d12
qd497a926,dd4b94ed2
qd497a926,dd4b9445a
qd497a926,dd4c25cf2
qd497a926,dd4973d88
qd497a926,dd4bd153a
qd497a926,dd4bc9f60
qd497a926,dd4987a22
qd497a926,dd4ba1894
qd498c090,dd4bc36b0
qd498c090,dd4bf189e
qd498c090,dd4baf3ea
qd498c090,dd4c4af66
qd498c090,dd496e8ec
qd498c090,dd4c5baf0
qd498c090,dd4bd52b6
qd498c090,dd4b9d19a
qd498c090,dd4bae530
qd498c090,dd4b8da4c
qd4984a16,dd4973c8e
qd4984a16,dd4b95fc6
qd4984a16,dd4c65154
qd4984a16,dd4bd3d9e
qd4984a16,dd4c596a6
qd4984a16,dd4b90684
qd4984a16,dd4bb5402
qd4984a16,dd4c473d4
qd4984a16,dd4b8b4d6
qd4984a16,dd4bdddee
qd4970f34,dd4b93a82
qd4970f34,dd4c3d78a
qd4970f34,dd4bf8c16
qd4970f34,dd4982f7c
qd4970f34,dd4b94ed2
qd4970f34,dd4bcc1f2
qd4970f34,dd4bc12fc
qd4970f34,dd4987a22
qd4970f34,dd49781f8
qd4970f34,dd4bf7f64
qd4971722,dd49719f2
qd4971722,dd4bdddee
qd4971722,dd4bf4468
qd4971722,dd4b93d66
qd4971722,dd4c2ae96
qd4971722,dd4ba13ee
qd4971722,dd4b92f10
qd4971722,dd4bc86ce
qd4971722,dd4badf40
qd4971722,dd4bdac8e
qd4987d7e,dd4c4af66
qd4987d7e,dd4ba043a
qd4987d7e,dd4c4b6be
qd4987d7e,dd4c37dd0
qd4987d7e,dd4bf81e4
qd4987d7e,dd4c15da2
qd4987d7e,dd4b8883a
qd4987d7e,dd4b9da64
qd4987d7e,dd496e8ec
qd4987d7e,dd4c453ae
qd496c9c0,dd4c5d6ca
qd496c9c0,dd4baad2c
qd496c9c0,dd4bd7caa
qd496c9c0,dd4ba5fa2
qd496c9c0,dd4bec2fe
qd496c9c0,dd4c539b8
qd496c9c0,dd4b9f292
qd496c9c0,dd4c282fe
qd496c9c0,dd49899f8
qd496c9c0,dd4c5e502
qd49856aa,dd4985704
qd49856aa,dd4b9c948
qd49856aa,dd4bbe606
qd49856aa,dd4bedfe6
qd49856aa,dd4ba850e
qd49856aa,dd4c5169a
qd49856aa,dd4bbc7ca
qd49856aa,dd4bcfe2e
qd49856aa,dd4b8b972
qd49856aa,dd4c5ee94
qd49867da,dd498682a
qd49867da,dd4c1a4c4
qd49867da,dd4bc53f2
qd49867da,dd4ba543a
qd49867da,dd49780b8
qd49867da,dd4c596a6
qd49867da,dd4bc0f5a
qd49867da,dd4984962
qd49867da,dd4c60c58
qd49867da,dd4bdcc0a
qd4987b12,dd4c5e048
qd4987b12,dd4bf8928
qd4987b12,dd4bb8b20
qd4987b12,dd4c2cb10
qd4987b12,dd4b9cfc4
qd4987b12,dd4bde83e
qd4987b12,dd4be43d8
qd4987b12,dd4bccf58
qd4987b12,dd4c1201c
qd4987b12,dd4ba302c
qd497471a,dd4c5f290
qd497471a,dd497477e
qd497471a,dd4b8fe50
qd497471a,dd4bcee8e
qd497471a,dd4b9dc1c
qd497471a,dd4c1201c
qd497471a,dd4b9a936
qd497471a,dd4c54d9a
qd497471a,dd4c5f09c
qd497471a,dd4bea698
qd498cd6a,dd49781f8
qd498cd6a,dd4c4a3cc
qd498cd6a,dd4c5feac
qd498cd6a,dd4bc0dd4
qd498cd6a,dd4be27ae
qd498cd6a,dd4bbbd84
qd498cd6a,dd4bcf42e
qd498cd6a,dd4b9a936
qd498cd6a,dd4b933fc
qd498cd6a,dd4bcf794
qd4978054,dd4ba4e36
qd4978054,dd4c596a6
qd4978054,dd4c60c58
qd4978054,dd4bc0f5a
qd4978054,dd49780b8
qd4978054,dd4bc12fc
qd4978054,dd4baad2c
qd4978054,dd4c282fe
qd4978054,dd4bd1de6
qd4978054,dd4ba4fb2
qd49893e0,dd4b8ebcc
qd49893e0,dd4ba3e6e
qd49893e0,dd4ba91e8
qd49893e0,dd4c066e0
qd49893e0,dd4b926f0
qd49893e0,dd496d938
qd49893e0,dd4ba1894
qd49893e0,dd4bbb17c
qd49893e0,dd4b912fa
qd49893e0,dd4b86b98
qd497b006,dd4b9f292
qd497b006,dd4bd05a4
qd497b006,dd4bae530
qd497b006,dd4c4af66
qd497b006,dd498af42
qd497b006,dd4ba5fa2
qd497b006,dd4bf8928
qd497b006,dd4bdcc0a
qd497b006,dd4b8da4c
qd497b006,dd4c26116
qd498f47a,dd4c37dd0
qd498f47a,dd4b8883a
qd498f47a,dd4c26116
qd498f47a,dd4b9f292
qd498f47a,dd4bf06ba
qd498f47a,dd4c5d6ca
qd498f47a,dd4ba5fa2
qd498f47a,dd496e8ec
qd498f47a,dd4bde83e
qd498f47a,dd497587c
qd496ecd4,dd496ed24
qd496ecd4,dd4bde4e2
qd496ecd4,dd4be5b20
qd496ecd4,dd4970318
qd496ecd4,dd4bc36b0
qd496ecd4,dd4b8ebcc
qd496ecd4,dd4c2f16c
qd496ecd4,dd4b8d556
qd496ecd4,dd497b29a
qd496ecd4,dd4bd3d9e
qd4988152,dd4980a42
qd4988152,dd4c4c208
qd4988152,dd4b9f7f6
qd4988152,dd4be45d6
qd4988152,dd4b87d18
qd4988152,dd4b885a6
qd4988152,dd4bd2250
qd4988152,dd4bdbdd2
qd4988152,dd4c4f6b0
qd4988152,dd4970642
qd498b99c,dd498ba0a
qd498b99c,dd4baf3ea
qd498b99c,dd4c453ae
qd498b99c,dd4c31818
qd498b99c,dd4bce560
qd498b99c,dd4be9338
qd498b99c,dd4bb8b20
qd498b99c,dd4b9cad8
qd498b99c,dd4bfe9b8
qd498b99c,dd4be43d8
qd496e07c,dd496e0d6
qd496e07c,dd49732c0
qd496e07c,dd4b892a8
qd496e07c,dd4be9d60
qd496e07c,dd4bcd4da
qd496e07c,dd4978892
qd496e07c,dd4c0eb56
qd496e07c,dd4c4b376
qd496e07c,dd4ba1894
qd496e07c,dd497b29a
qd4977e06,dd4ba5fa2
qd4977e06,dd4c596a6
qd4977e06,dd4bef5da
qd4977e06,dd4c5d6ca
qd4977e06,dd4bbce6e
qd4977e06,dd4b8da4c
qd4977e06,dd4c31af2
qd4977e06,dd4977f8c
qd4977e06,dd4bc12fc
qd4977e06,dd4b87340
qd498cfd6,dd4bf8c16
qd498cfd6,dd4c07ed2
qd498cfd6,dd4b94266
qd498cfd6,dd4c13e26
qd498cfd6,dd4b9cccc
qd498cfd6,dd497edaa
qd498cfd6,dd4b96f16
qd498cfd6,dd4ba8662
qd498cfd6,dd4c17b16
qd498cfd6,dd4c32894
qd4979f26,dd4b9a63e
qd4979f26,dd4b9b93a
qd4979f26,dd4bbc5d6
qd4979f26,dd4979602
qd4979f26,dd4be50b2
qd4979f26,dd4c1bfb8
qd4979f26,dd4ba543a
qd4979f26,dd4bd153a
qd4979f26,dd4bc9f60
qd4979f26,dd497314e
qd4977410,dd4c1d62e
qd4977410,dd4b8b4d6
qd4977410,dd4c2663e
qd4977410,dd4bd3d9e
qd4977410,dd4c4e62a
qd4977410,dd4bd2bd8
qd4977410,dd49889a4
qd4977410,dd4b92d62
qd4977410,dd4bcaf0a
qd4977410,dd4bdb3be
qd498d90e,dd4be9ad6
qd498d90e,dd4b8eafa
qd498d90e,dd4b89762
qd498d90e,dd4bd5eb4
qd498d90e,dd4b93e60
qd498d90e,dd4baa548
qd498d90e,dd4bcce18
qd498d90e,dd4b9cec0
qd498d90e,dd4b9b6ba
qd498d90e,dd4b996e4
qd497ca32,dd4bbc040
qd497ca32,dd4bd74e4
qd497ca32,dd4bd5eb4
qd497ca32,dd4bfd414
qd497ca32,dd4baa548
qd497ca32,dd4c5bdf2
qd497ca32,dd4bc12fc
qd497ca32,dd4972a1e
qd497ca32,dd4c0ce78
qd497ca32,dd4c04c14
qd497cff0,dd497d036
qd497cff0,dd4c111ee
qd497cff0,dd4beeb30
qd497cff0,dd4b92be6
qd497cff0,dd4bd711a
qd497cff0,dd4c33f0a
qd497cff0,dd4c5e9a8
qd497cff0,dd4bea698
qd497cff0,dd4c56546
qd497cff0,dd4b9cfc4
qd496d3f2,dd4b924de
qd496d3f2,dd4ba1894
qd496d3f2,dd4b86b98
qd496d3f2,dd4b9445a
qd496d3f2,dd4c25cf2
qd496d3f2,dd4c4d342
qd496d3f2,dd4bf49c2
qd496d3f2,dd4c247c6
qd496d3f2,dd4ba6754
qd496d3f2,dd4bf6a7e
qd496eb76,dd4c5adf8
qd496eb76,dd4b9f292
qd496eb76,dd4bce560
qd496eb76,dd4bf81e4
qd496eb76,dd4bfe9b8
qd496eb76,dd4bf8928
qd496eb76,dd4c26116
qd496eb76,dd49797ec
qd496eb76,dd4973a2c
qd496eb76,dd4b8761a
qd498be10,dd4c0aa92
qd498be10,dd4b9d0b4
qd498be10,dd4ba2d20
qd498be10,dd4b986b8
qd498be10,dd4bcaf0a
qd498be10,dd4bba920
qd498be10,dd49877e8
qd498be10,dd4c37dd0
qd498be10,dd4bd7caa
qd498be10,dd4b8983e
qd497f1d8,dd4bd5eb4
qd497f1d8,dd4bc7db4
qd497f1d8,dd4bc12fc
qd497f1d8,dd4b8b29c
qd497f1d8,dd4bbc040
qd497f1d8,dd4b89dc0
qd497f1d8,dd4bd74e4
qd497f1d8,dd4bfd414
qd497f1d8,dd4bb6c12
qd497f1d8,dd4bd7caa
qd49779e2,dd4bd74e4
qd49779e2,dd4bb6c12
qd49779e2,dd4bd5eb4
qd49779e2,dd4bfd414
qd49779e2,dd4bc12fc
qd49779e2,dd4bd7caa
qd49779e2,dd4c4d522
qd49779e2,dd496d15e
qd49779e2,dd4c04c14
qd49779e2,dd4be623c
qd496ea54,dd4bdc4da
qd496ea54,dd4b8b4d6
qd496ea54,dd49797ec
qd496ea54,dd4b9af30
qd496ea54,dd4bb3648
qd496ea54,dd497a67e
qd496ea54,dd4c1d854
qd496ea54,dd4bf7820
qd496ea54,dd4c4e62a
qd496ea54,dd4ba3c48
qd4979b34,dd4bc8c64
qd4979b34,dd4c2403c
qd4979b34,dd4979b84
qd4979b34,dd4970318
qd4979b34,dd4bcbb1c
qd4979b34,dd4c4f6b0
qd4979b34,dd4ba1894
qd4979b34,dd4c544d0
qd4979b34,dd4bb66cc
qd4979b34,dd4b8ef96
qd4978afe,dd4bb6a78
qd4978afe,dd4c5c3b0
qd4978afe,dd4973d88
qd4978afe,dd4bc7a6c
qd4978afe,dd4b9ea7c
qd4978afe,dd4bd4618
qd4978afe,dd4be9ad6
qd4978afe,dd4b93e60
qd4978afe,dd4c45e44
qd4978afe,dd4bf6a7e
qd4989e12,dd4b9d19a
qd4989e12,dd4ba5fa2
qd4989e12,dd4c26116
qd4989e12,dd4c15da2
qd4989e12,dd4bd4532
qd4989e12,dd4c31818
qd4989e12,dd4bfe9b8
qd4989e12,dd4bcdaf2
qd4989e12,dd4c453ae
qd4989e12,dd498af42
qd498aace,dd4c2cb10
qd498aace,dd4c0831e
qd498aace,dd4bdddee
qd498aace,dd4bd3d9e
qd498aace,dd4bc36b0
qd498aace,dd4bcaf0a
qd498aace,dd4c0748c
qd498aace,dd4c066e0
qd498aace,dd4b9c40c
qd498aace,dd4c1201c
qd497d6c6,dd497d70c
qd497d6c6,dd4c31af2
qd497d6c6,dd4c326a0
qd497d6c6,dd4c596a6
qd497d6c6,dd4ba5fa2
qd497d6c6,dd4b9cad8
qd497d6c6,dd4be9338
qd497d6c6,dd4c63b10
qd497d6c6,dd4be43d8
qd497d6c6,dd4c52c70
qd498d85a,dd4bad4e6
qd498d85a,dd4972b86
qd498d85a,dd4baed28
qd498d85a,dd4c3c8e4
qd498d85a,dd497774e
qd498d85a,dd496ddd4
qd498d85a,dd4c5c572
qd498d85a,dd4b953dc
qd498d85a,dd4b9dec4
qd498d85a,dd49901cc
qd497f58e,dd496ed24
qd497f58e,dd4b905bc
qd497f58e,dd4c066e0
qd497f58e,dd4b8ebcc
qd497f58e,dd4c0748c
qd497f58e,dd4bc36b0
qd497f58e,dd4bc8c64
qd497f58e,dd4ba1894
qd497f58e,dd4b926f0
qd497f58e,dd4b8ef96
qd498a4d4,dd4bc54e2
qd498a4d4,dd4c09a2a
qd498a4d4,dd4bbc040
qd498a4d4,dd497e4cc
qd498a4d4,dd4bcef88
qd498a4d4,dd4ba276c
qd498a4d4,dd4c0ce78
qd498a4d4,dd4bfd414
qd498a4d4,dd4b8e8f2
qd498a4d4,dd4bce1c8
qd4983a30,dd4bab3e4
qd4983a30,dd4bb1960
qd4983a30,dd4bbe2a0
qd4983a30,dd4c08bd4
qd4983a30,dd496f5c6
qd4983a30,dd4bf1cfe
qd4983a30,dd4c56bb8
qd4983a30,dd4bff354
qd4983a30,dd4ba7f28
qd4983a30,dd4be1700
qd498fe8e,dd4c596a6
qd498fe8e,dd49780b8
qd498fe8e,dd4bd03a6
qd498fe8e,dd4c60c58
qd498fe8e,dd4c5d6ca
qd498fe8e,dd4bc0f5a
qd498fe8e,dd4ba3d92
qd498fe8e,dd4bc12fc
qd498fe8e,dd4bd1de6
qd498fe8e,dd4ba5fa2
qd498458e,dd4c5f290
qd498458e,dd4c1e8a8
qd498458e,dd4bd7228
qd498458e,dd4ba07d2
qd498458e,dd4c01ae6
qd498458e,dd4bae31e
qd498458e,dd4ba7a78
qd498458e,dd4bc2e5e
qd498458e,dd4bc8b4c
qd498458e,dd4bc75f8
qd497b25e,dd4c36fde
qd497b25e,dd4c08bd4
qd497b25e,dd4ba7f28
qd497b25e,dd4b8f1c6
qd497b25e,dd4bb90d4
qd497b25e,dd4c2c872
qd497b25e,dd4bff354
qd497b25e,dd4c24e1a
qd497b25e,dd4b8e4d8
qd497b25e,dd4b89942
qd4984afc,dd4bb5d12
qd4984afc,dd4b94ed2
qd4984afc,dd4c0781a
qd4984afc,dd497cdca
qd4984afc,dd4ba543a
qd4984afc,dd4b8e2a8
qd4984afc,dd497ad9a
qd4984afc,dd4b9445a
qd4984afc,dd4be50b2
qd4984afc,dd4ba75b4
qd497dedc,dd4b89762
qd497dedc,dd4b9ea7c
qd497dedc,dd4bc7a6c
qd497dedc,dd4b9cec0
qd497dedc,dd4b96a84
qd497dedc,dd498655a
qd497dedc,dd4bc53f2
qd497dedc,dd4ba90f8
qd497dedc,dd4973d88
qd497dedc,dd4b8a6b2
qd4981e6a,dd496e554
qd4981e6a,dd4970318
qd4981e6a,dd4c1201c
qd4981e6a,dd4977f8c
qd4981e6a,dd4c5d0f8
qd4981e6a,dd497be3e
qd4981e6a,dd4bd8b64
qd4981e6a,dd4b9045e
qd4981e6a,dd4c15da2
qd4981e6a,dd4bb66cc
qd4975aca,dd4b8da4c
qd4975aca,dd4c14146
qd4975aca,dd4b9e068
qd4975aca,dd4c0748c
qd4975aca,dd4b9445a
qd4975aca,dd4bdddee
qd4975aca,dd4bef5da
qd4975aca,dd4bae530
qd4975aca,dd4c323bc
qd4975aca,dd4bdc084
qd4983508,dd4c45e44
qd4983508,dd4b8a6b2
qd4983508,dd4b91048
qd4983508,dd4ba0ca0
qd4983508,dd4bb66cc
qd4983508,dd4ba3c48
qd4983508,dd4c51a78
qd4983508,dd4b87796
qd4983508,dd4970318
qd4983508,dd4c1f514
qd4985d26,dd4978f5e
qd4985d26,dd4b9ea7c
qd4985d26,dd4b9e068
qd4985d26,dd4973d88
qd4985d26,dd4c1d62e
qd4985d26,dd4b92d62
qd4985d26,dd4bdd420
qd4985d26,dd4bef5da
qd4985d26,dd4c45e44
qd4985d26,dd4c2663e
qd496efe0,dd4bbd300
qd496efe0,dd4bc45a6
qd496efe0,dd4c248b6
qd496efe0,dd4c17616
qd496efe0,dd4bdb65c
qd496efe0,dd496daaa
qd496efe0,dd4b92a2e
qd496efe0,dd4bd0d60
qd496efe0,dd4b9c02e
qd496efe0,dd4bf6a7e
qd498885a,dd4976808
qd498885a,dd4bb810c
qd498885a,dd4bc62ca
qd498885a,dd4b9d6ea
qd498885a,dd4baad2c
qd498885a,dd4befcce
qd498885a,dd4bc12fc
qd498885a,dd4bdeac8
qd498885a,dd4bcc45e
qd498885a,dd4984020
qd497ed64,dd4b9cccc
qd497ed64,dd4bb66cc
qd497ed64,dd4c109d8
qd497ed64,dd4be5ef4
qd497ed64,dd4970318
qd497ed64,dd4b88aa6
qd497ed64,dd4b8ef96
qd497ed64,dd4bcbb1c
qd497ed64,dd4b9bda4
qd497ed64,dd4be8cbc
qd49812d0,dd4bae31e
qd49812d0,dd4b974d4
qd49812d0,dd4c46150
qd49812d0,dd497a3f4
qd49812d0,dd4c4bc68
qd49812d0,dd4bd3d9e
qd49812d0,dd4c5f290
qd49812d0,dd4c4e0f8
qd49812d0,dd4c1e8a8
qd49812d0,dd4ba3c48
qd497a26e,dd496f968
qd497a26e,dd4c5e048
qd497a26e,dd496e8ec
qd497a26e,dd4bc36b0
qd497a26e,dd4ba48a0
qd497a26e,dd4c066e0
qd497a26e,dd4b9cde4
qd497a26e,dd4b8f61c
qd497a26e,dd4c4af66
qd497a26e,dd4bbbab4
qd497e878,dd4b9bda4
qd497e878,dd4bc83ae
qd497e878,dd4b91b88
qd497e878,dd497edaa
qd497e878,dd4bc0adc
qd497e878,dd4b9beda
qd497e878,dd4c32894
qd497e878,dd4c56e56
qd497e878,dd4baa73c
qd497e878,dd4c25860
qd4973504,dd4be1b9c
qd4973504,dd4beac7e
qd4973504,dd4b9cfc4
qd4973504,dd4c53260
qd4973504,dd4bcd94e
qd4973504,dd4be5a08
qd4973504,dd4c2131e
qd4973504,dd4b8d556
qd4973504,dd4c111ee
qd4973504,dd4bed97e
qd49770fa,dd4bae31e
qd49770fa,dd4bd3d9e
qd49770fa,dd497a3f4
qd49770fa,dd4c4bc68
qd49770fa,dd4bb25d6
qd49770fa,dd4c4c208
qd49770fa,dd4c46150
qd49770fa,dd4b974d4
qd49770fa,dd4b89942
qd49770fa,dd4bdc084
qd49878ce,dd4bbb17c
qd49878ce,dd4b912fa
qd49878ce,dd496d938
qd49878ce,dd4b9a936
qd49878ce,dd4bb7108
qd49878ce,dd4ba3e6e
qd49878ce,dd4ba91e8
qd49878ce,dd4bafd54
qd49878ce,dd4b93e60
qd49878ce,dd4be9ad6
qd498482c,dd497b524
qd498482c,dd4c08e0e
qd498482c,dd4b9ae72
qd498482c,dd4bbf380
qd498482c,dd4c528e2
qd498482c,dd4bca866
qd498482c,dd4c4f2fa
qd498482c,dd4baad2c
qd498482c,dd4bc729c
qd498482c,dd4bd7caa
qd497cb22,dd4ba3e6e
qd497cb22,dd496d938
qd497cb22,dd4ba91e8
qd497cb22,dd4b8ebcc
qd497cb22,dd4b9a936
qd497cb22,dd4b86b98
qd497cb22,dd4bb6a78
qd497cb22,dd4b912fa
qd497cb22,dd4bb7108
qd497cb22,dd4bc8c64
qd497da68,dd497340a
qd497da68,dd497da9a
qd497da68,dd4c42c8a
qd497da68,dd497a3f4
qd497da68,dd4b89942
qd497da68,dd4c4bc68
qd497da68,dd4b974d4
qd497da68,dd4c5f290
qd497da68,dd498b1f4
qd497da68,dd49797ec
qd497562e,dd4bb66cc
qd497562e,dd4bafa8e
qd497562e,dd4ba1894
qd497562e,dd4be5ef4
qd497562e,dd4bcaf0a
qd497562e,dd4c1f514
qd497562e,dd4b8a6b2
qd497562e,dd4bd1de6
qd497562e,dd4c45e44
qd497562e,dd4c4d248
qd498b6d6,dd4bc53f2
qd498b6d6,dd4baa548
qd498b6d6,dd4ba276c
qd498b6d6,dd4c63b10
qd498b6d6,dd49870ae
qd498b6d6,dd4c58b02
qd498b6d6,dd4c5e502
qd498b6d6,dd4c3af26
qd498b6d6,dd4b9b93a
qd498b6d6,dd4bca6ea
qd498eb10,dd496f5c6
qd498eb10,dd4bbe2a0
qd498eb10,dd4bdbdd2
qd498eb10,dd4c0119a
qd498eb10,dd4be4e3c
qd498eb10,dd4bcfc62
qd498eb10,dd4be0756
qd498eb10,dd4be026a
qd498eb10,dd4bbd4e0
qd498eb10,dd4c0fb0a
qd498fd94,dd4bde83e
qd498fd94,dd498ba0a
qd498fd94,dd4c13e26
qd498fd94,dd4bcca62
qd498fd94,dd4bff430
qd498fd94,dd4bdcc0a
qd498fd94,dd4bf89fa
qd498fd94,dd4b88aa6
qd498fd94,dd4ba8144
qd498fd94,dd4c4b6be
qd496fa58,dd496faa8
qd496fa58,dd4b8eece
qd496fa58,dd4c65c30
qd496fa58,dd4c36fde
qd496fa58,dd4c5304e
qd496fa58,dd4b971e6
qd496fa58,dd4bd4262
qd496fa58,dd4bc6856
qd496fa58,dd4bcde76
qd496fa58,dd4c0a39e
qd4981640,dd4bb66cc
qd4981640,dd4c5f498
qd4981640,dd4970318
qd4981640,dd497e134
qd4981640,dd4bd153a
qd4981640,dd4ba1894
qd4981640,dd4c1201c
qd4981640,dd4975e94
qd4981640,dd4bc1504
qd4981640,dd4c53418
qd497eb2a,dd4bb2f36
qd497eb2a,dd4bc62ca
qd497eb2a,dd4bcc45e
qd497eb2a,dd4bc12fc
qd497eb2a,dd4c13c64
qd497eb2a,dd4b9c02e
qd497eb2a,dd4b92a2e
qd497eb2a,dd4bdeac8
qd497eb2a,dd4988030
qd497eb2a,dd4c1edb2
qd496cfc4,dd496d014
qd496cfc4,dd4be2196
qd496cfc4,dd4bd65e4
qd496cfc4,dd4beee14
qd496cfc4,dd4b9c40c
qd496cfc4,dd4c596a6
qd496cfc4,dd4be9338
qd496cfc4,dd4b916e2
qd496cfc4,dd4be43d8
qd496cfc4,dd4b8cf20
qd497d5c2,dd4bc0adc
qd497d5c2,dd4c32894
qd497d5c2,dd4bc2f30
qd497d5c2,dd496e8ec
qd497d5c2,dd4b88aa6
qd497d5c2,dd4b9bda4
qd497d5c2,dd4c1201c
qd497d5c2,dd4b8c4ee
qd497d5c2,dd4be8cbc
qd497d5c2,dd4975d4a
qd497d964,dd4bc9bbe
qd497d964,dd4bc12fc
qd497d964,dd4bd5eb4
qd497d964,dd4bdac8e
qd497d964,dd4bd7caa
qd497d964,dd4bc7db4
qd497d964,dd4ba4e36
qd497d964,dd4c09a2a
qd497d964,dd4b8b29c
qd497d964,dd4c47e6a
qd497729e,dd4971178
qd497729e,dd4bafd54
qd497729e,dd4bbee44
qd497729e,dd4b9e478
qd497729e,dd4ba8144
qd497729e,dd4c2403c
qd497729e,dd4c282fe
qd497729e,dd498682a
qd497729e,dd4c1bfb8
qd497729e,dd4b93b5e
qd49813d4,dd4c5d0f8
qd49813d4,dd4bcfe2e
qd49813d4,dd4c5ec82
qd49813d4,dd4be687c
qd49813d4,dd4978f5e
qd49813d4,dd4c596a6
qd49813d4,dd4be7ede
qd49813d4,dd4b95f26
qd49813d4,dd497f354
qd49813d4,dd497be3e
qd496df14,dd496df64
qd496df14,dd4ba3d92
qd496df14,dd4bcc1f2
qd496df14,dd4b9e068
qd496df14,dd4bf481e
qd496df14,dd4bf8c16
qd496df14,dd496cd4e
qd496df14,dd4c2cb10
qd496df14,dd4bf0eb2
qd496df14,dd4ba534a
qd4973d42,dd4b9445a
qd4973d42,dd4c56316
qd4973d42,dd4be9ad6
qd4973d42,dd4970318
qd4973d42,dd496e694
qd4973d42,dd4bb66cc
qd4973d42,dd4c25cf2
qd4973d42,dd4bcf794
qd4973d42,dd4b93a82
qd4973d42,dd4bf49c2
qd49704da,dd4bf04da
qd49704da,dd4c4bc68
qd49704da,dd4c08bd4
qd49704da,dd4c1e8a8
qd49704da,dd4bd25ac
qd49704da,dd4970944
qd49704da,dd4c16450
qd49704da,dd4b89942
qd49704da,dd4c4d342
qd49704da,dd4bd7228
qd497cc6c,dd497692a
qd497cc6c,dd4bb66cc
qd497cc6c,dd4bcf794
qd497cc6c,dd4970318
qd497cc6c,dd4c040c0
qd497cc6c,dd4c2403c
qd497cc6c,dd4c4f6b0
qd497cc6c,dd4c25cf2
qd497cc6c,dd4ba2a5a
qd497cc6c,dd4bcbb1c
qd496e374,dd4bdf86a
qd496e374,dd4ba043a
qd496e374,dd4c4b6be
qd496e374,dd4ba5fa2
qd496e374,dd4c15da2
qd496e374,dd4c4af66
qd496e374,dd498af42
qd496e374,dd497d298
qd496e374,dd4c26116
qd496e374,dd497587c
qd4975cf0,dd4975d4a
qd4975cf0,dd4c32894
qd4975cf0,dd4b88aa6
qd4975cf0,dd4be8cbc
qd4975cf0,dd4c17b16
qd4975cf0,dd4b8e046
qd4975cf0,dd4c1f514
qd4975cf0,dd4c23b64
qd4975cf0,dd4be2862
qd4975cf0,dd4c109d8
qd4983fc6,dd4984020
qd4983fc6,dd4bc62ca
qd4983fc6,dd4baad2c
qd4983fc6,dd4bdf95a
qd4983fc6,dd4bdeac8
qd4983fc6,dd4bc12fc
qd4983fc6,dd4bb8daa
qd4983fc6,dd4c282fe
qd4983fc6,dd4c13c64
qd4983fc6,dd4c498dc
qd4983ea4,dd4bcfe2e
qd4983ea4,dd4c5d0f8
qd4983ea4,dd4bc53f2
qd4983ea4,dd4c5ec82
qd4983ea4,dd4b9b93a
qd4983ea4,dd497d70c
qd4983ea4,dd4be7ede
qd4983ea4,dd4ba543a
qd4983ea4,dd4bca6ea
qd4983ea4,dd497d504
qd49879d2,dd4987a22
qd49879d2,dd4ba4e36
qd49879d2,dd4c248b6
qd49879d2,dd4baad2c
qd49879d2,dd4c30b66
qd49879d2,dd4bdeac8
qd49879d2,dd4ba8662
qd49879d2,dd4bd74e4
qd49879d2,dd4b8e3ac
qd49879d2,dd4ba4fb2
qd4987266,dd49872ac
qd4987266,dd4c354a4
qd4987266,dd4bbb17c
qd4987266,dd4bcd5f2
qd4987266,dd4b9a936
qd4987266,dd4c608ac
qd4987266,dd4ba8144
qd4987266,dd4c619b4
qd4987266,dd4c45e44
qd4987266,dd4c109d8
qd4980204,dd4c5f290
qd4980204,dd4c247c6
qd4980204,dd4c2add8
qd4980204,dd4bbc7ca
qd4980204,dd4bcee8e
qd4980204,dd4b9a936
qd4980204,dd4b8c340
qd4980204,dd4ba6754
qd4980204,dd4bbf380
qd4980204,dd4bf5a52
qd4972c76,dd4c15da2
qd4972c76,dd4ba5fa2
qd4972c76,dd4bdcc0a
qd4972c76,dd4c26116
qd4972c76,dd4b8883a
qd4972c76,dd4bae530
qd4972c76,dd4bf189e
qd4972c76,dd4c4af66
qd4972c76,dd4bf06ba
qd4972c76,dd4c4b6be
qd498f858,dd4c1edb2
qd498f858,dd4bcc45e
qd498f858,dd4c13c64
qd498f858,dd496cbc8
qd498f858,dd4bd52b6
qd498f858,dd4bccc06
qd498f858,dd4b9445a
qd498f858,dd4c0748c
qd498f858,dd4c58e5e
qd498f858,dd4bc12fc
qd4987c84,dd49869a6
qd4987c84,dd4b9df82
qd4987c84,dd4be43d8
qd4987c84,dd4bb8b20
qd4987c84,dd4c25cf2
qd4987c84,dd4c65c30
qd4987c84,dd4b9a152
qd4987c84,dd4b8d556
qd4987c84,dd4b9cad8
qd4987c84,dd4c1f7f8
qd497c672,dd4bfb808
qd497c672,dd4bc12fc
qd497c672,dd4c1201c
qd497c672,dd4bf5f66
qd497c672,dd4bd03a6
qd497c672,dd4be2d44
qd497c672,dd4bb43c2
qd497c672,dd4bb5402
qd497c672,dd4ba043a
qd497c672,dd497be3e
qd498764e,dd4bb82e2
qd498764e,dd4c4d108
qd498764e,dd4c3eb94
qd498764e,dd4c4cc62
qd498764e,dd4bd938e
qd498764e,dd4bbae02
qd498764e,dd4bd6166
qd498764e,dd4c54d9a
qd498764e,dd4980f7e
qd498764e,dd4c08bd4
qd4978f04,dd4978f5e
qd4978f04,dd4ba4e36
qd4978f04,dd4b9ea7c
qd4978f04,dd4c1d62e
qd4978f04,dd4b9e068
qd4978f04,dd4c2663e
qd4978f04,dd4973d88
qd4978f04,dd4bdd420
qd4978f04,dd4c4e62a
qd4978f04,dd4c45e44
qd49767c2,dd4befcce
qd49767c2,dd4baad2c
qd49767c2,dd4b8e046
qd49767c2,dd49780b8
qd49767c2,dd4c17c74
qd49767c2,dd4c5d6ca
qd49767c2,dd4bc0bea
qd49767c2,dd4bebe26
qd49767c2,dd4bc12fc
qd49767c2,dd4b8da4c
qd498f9c0,dd4b94ff4
qd498f9c0,dd4c648e4
qd498f9c0,dd4ba4e36
qd498f9c0,dd4c1fcb2
qd498f9c0,dd4c27be2
qd498f9c0,dd4ba6da8
qd498f9c0,dd4bd2732
qd498f9c0,dd4b92614
qd498f9c0,dd4c544d0
qd498f9c0,dd4c1e48e
qd497d39c,dd4bad4e6
qd497d39c,dd4baed28
qd497d39c,dd497a3f4
qd497d39c,dd4bc7eb8
qd497d39c,dd4bd7228
qd497d39c,dd4c1e8a8
qd497d39c,dd4c4bc68
qd497d39c,dd4bf9c7e
qd497d39c,dd4c24e1a
qd497d39c,dd4bdfb4e
qd498540c,dd4c04c14
qd498540c,dd496d15e
qd498540c,dd4bd5eb4
qd498540c,dd4985452
qd498540c,dd4bfd414
qd498540c,dd4baa548
qd498540c,dd4c3af26
qd498540c,dd4b8eafa
qd498540c,dd4bc12fc
qd498540c,dd4bd74e4
qd4988d64,dd4bd0d60
qd4988d64,dd496daaa
qd4988d64,dd4ba302c
qd4988d64,dd4b92a2e
qd4988d64,dd4b9c02e
qd4988d64,dd4bc12fc
qd4988d64,dd4bb8daa
qd4988d64,dd4bdb65c
qd4988d64,dd4b93a82
qd4988d64,dd4987a22
qd4982a22,dd4b973b2
qd4982a22,dd4982158
qd4982a22,dd4bb5506
qd4982a22,dd4c0a39e
qd4982a22,dd4b9dc1c
qd4982a22,dd4c0d670
qd4982a22,dd4ba7a78
qd4982a22,dd4bac046
qd4982a22,dd498b1f4
qd4982a22,dd4bc75f8
qd496fe5e,dd4c5f894
qd496fe5e,dd4bf7a0a
qd496fe5e,dd4c13e26
qd496fe5e,dd4b9cccc
qd496fe5e,dd4bc079e
qd496fe5e,dd4974b0c
qd496fe5e,dd4bf89fa
qd496fe5e,dd497edaa
qd496fe5e,dd4c5093e
qd496fe5e,dd4bf297e
qd4984912,dd4984962
qd4984912,dd4c619b4
qd4984912,dd4bd153a
qd4984912,dd4c247c6
qd4984912,dd4bcf956
qd4984912,dd4bc36b0
qd4984912,dd4ba3e6e
qd4984912,dd4b8ebcc
qd4984912,dd4b86b98
qd4984912,dd4bcbb1c
qd497d7e8,dd4bd153a
qd497d7e8,dd49741fc
qd497d7e8,dd4c4f5de
qd497d7e8,dd4c247c6
qd497d7e8,dd4ba6754
qd497d7e8,dd4bc9f60
qd497d7e8,dd4bbc31a
qd497d7e8,dd4c2add8
qd497d7e8,dd4c3e590
qd497d7e8,dd4be50b2
qd4985556,dd4c2663e
qd4985556,dd4b8b4d6
qd4985556,dd4bd3d9e
qd4985556,dd4c4e62a
qd4985556,dd4c1d62e
qd4985556,dd49889a4
qd4985556,dd4bf7820
qd4985556,dd4c10fc8
qd4985556,dd4c65154
qd4985556,dd4b90684
qd498efb6,dd49781f8
qd498efb6,dd4be27ae
qd498efb6,dd4c51988
qd498efb6,dd4bf8c16
qd498efb6,dd4c4a3cc
qd498efb6,dd4b933fc
qd498efb6,dd4be9ad6
qd498efb6,dd4b94266
qd498efb6,dd4bcf794
qd498efb6,dd4bc0dd4
qd497bbdc,dd4c4d626
qd497bbdc,dd4bb90d4
qd497bbdc,dd4c58382
qd497bbdc,dd4b894d8
qd497bbdc,dd4b8f1c6
qd497bbdc,dd4ba7a78
qd497bbdc,dd4bc12fc
qd497bbdc,dd4bf5a52
qd497bbdc,dd4c3d78a
qd497bbdc,dd4c08bd4
qd498d30a,dd4989e76
qd498d30a,dd4b9dc1c
qd498d30a,dd4c4ad90
qd498d30a,dd4c47e6a
qd498d30a,dd4973d88
qd498d30a,dd4b952d8
qd498d30a,dd4bb655a
qd498d30a,dd4ba276c
qd498d30a,dd4b9445a
qd498d30a,dd4c32a74
qd498a826,dd49869a6
qd498a826,dd4bb8602
qd498a826,dd4bee9d2
qd498a826,dd4c36fde
qd498a826,dd4b90ada
qd498a826,dd4b9cad8
qd498a826,dd4c25cf2
qd498a826,dd4b985b4
qd498a826,dd4b9df82
qd498a826,dd4be43d8
qd497e5a8,dd4bcbde2
qd497e5a8,dd4c03b7a
qd497e5a8,dd4bad842
qd497e5a8,dd4bacaf0
qd497e5a8,dd49872ac
qd497e5a8,dd4bdcb24
qd497e5a8,dd4c2e726
qd497e5a8,dd4bcc7c4
qd497e5a8,dd4bc1504
qd497e5a8,dd4be17fa
qd498e282,dd49785cc
qd498e282,dd4c098ea
qd498e282,dd4bc12fc
qd498e282,dd4be9338
qd498e282,dd4b96390
qd498e282,dd4c619b4
qd498e282,dd4bb8b20
qd498e282,dd4be43d8
qd498e282,dd4b9cad8
qd498e282,dd4b8da4c
qd496f2b0,dd4bb0038
qd496f2b0,dd496f2ec
qd496f2b0,dd4b9c40c
qd496f2b0,dd4c1d854
qd496f2b0,dd4bf8928
qd496f2b0,dd4bcbb1c
qd496f2b0,dd4c5d0f8
qd496f2b0,dd4984962
qd496f2b0,dd4c1201c
qd496f2b0,dd4bd3d9e
qd4970778,dd4bca866
qd4970778,dd4979602
qd4970778,dd4b9b93a
qd4970778,dd4c63b10
qd4970778,dd4bce1c8
qd4970778,dd4b8bf1c
qd4970778,dd4987432
qd4970778,dd4befb5c
qd4970778,dd4bc729c
qd4970778,dd4ba543a
qd498fbaa,dd4bb5402
qd498fbaa,dd4bd03a6
qd498fbaa,dd4c596a6
qd498fbaa,dd49780b8
qd498fbaa,dd4c31ebc
qd498fbaa,dd4c60c58
qd498fbaa,dd4bd1de6
qd498fbaa,dd4bc0f5a
qd498fbaa,dd4c473d4
qd498fbaa,dd4ba3d92
qd4976fc4,dd4c4c53c
qd4976fc4,dd4bc7c60
qd4976fc4,dd4b894d8
qd4976fc4,dd4971510
qd4976fc4,dd4ba3af4
qd4976fc4,dd4ba07d2
qd4976fc4,dd4bf84f0
qd4976fc4,dd4c4fb38
qd4976fc4,dd4b9cbaa
qd4976fc4,dd4b95e86
qd4984fac,dd4b97e7a
qd4984fac,dd4c52d60
qd4984fac,dd4c2c872
qd4984fac,dd4bfdaea
qd4984fac,dd4baca00
qd4984fac,dd4c54d9a
qd4984fac,dd4bbae02
qd4984fac,dd4bbb370
qd4984fac,dd4b974d4
qd4984fac,dd49797ec
qd49886d4,dd4984962
qd49886d4,dd4bcbb1c
qd49886d4,dd4b9c40c
qd49886d4,dd4bb0038
qd49886d4,dd4b92d62
qd49886d4,dd4bb3648
qd49886d4,dd4bb7108
qd49886d4,dd4c2403c
qd49886d4,dd4bd3d9e
qd49886d4,dd4977f8c
qd497a0fc,dd4bc12fc
qd497a0fc,dd4973c8e
qd497a0fc,dd4c5bdf2
qd497a0fc,dd4bef95e
qd497a0fc,dd4c54aca
qd497a0fc,dd4c65154
qd497a0fc,dd4b8983e
qd497a0fc,dd4ba1894
qd497a0fc,dd4bdbc06
qd497a0fc,dd4bd5eb4
qd4983918,dd4bc7eb8
qd4983918,dd49797ec
qd4983918,dd4972226
qd4983918,dd4ba7a78
qd4983918,dd4bf8c16
qd4983918,dd4ba07d2
qd4983918,dd4b9a63e
qd4983918,dd4c5a20e
qd4983918,dd4bb5d12
qd4983918,dd49781f8
qd497b650,dd497b6a0
qd497b650,dd4bcf794
qd497b650,dd4987a22
qd497b650,dd49732c0
qd497b650,dd49741fc
qd497b650,dd4c498dc
qd497b650,dd4bbc31a
qd497b650,dd4b93a82
qd497b650,dd4c2add8
qd497b650,dd4bc729c
qd498bcda,dd4bc8c64
qd498bcda,dd4970318
qd498bcda,dd4bb66cc
qd498bcda,dd4bb3742
qd498bcda,dd4bcbb1c
qd498bcda,dd4ba1894
qd498bcda,dd4c066e0
qd498bcda,dd4c0748c
qd498bcda,dd4b8ef96
qd498bcda,dd4c109d8
qd4981776,dd4c63b10
qd4981776,dd4bca866
qd4981776,dd4c1a4c4
qd4981776,dd4ba4fb2
qd4981776,dd4b9b93a
qd4981776,dd4bbc040
qd4981776,dd498af42
qd4981776,dd4984962
qd4981776,dd4987432
qd4981776,dd4bcef88
qd498e372,dd498af42
qd498e372,dd4ba5fa2
qd498e372,dd4b9f292
qd498e372,dd497d298
qd498e372,dd4c37dd0
qd498e372,dd4c26116
qd498e372,dd4bdcc0a
qd498e372,dd497587c
qd498e372,dd4bfe9b8
qd498e372,dd4bce560
qd496e64e,dd4b952d8
qd496e64e,dd4bdac8e
qd496e64e,dd496e694
qd496e64e,dd4973d88
qd496e64e,dd4be9ad6
qd496e64e,dd4c248b6
qd496e64e,dd4b93e60
qd496e64e,dd4c47e6a
qd496e64e,dd4bb6a78
qd496e64e,dd4bdb65c
qd49708fe,dd4970944
qd49708fe,dd4c65e10
qd49708fe,dd4c42172
qd49708fe,dd4bd7228
qd49708fe,dd4c1e8a8
qd49708fe,dd4c4e0f8
qd49708fe,dd4c5a20e
qd49708fe,dd497e760
qd49708fe,dd4b974d4
qd49708fe,dd4bbc8f6
qd498abe6,dd4ba3590
qd498abe6,dd4bb82e2
qd498abe6,dd4c4d108
qd498abe6,dd4c2acb6
qd498abe6,dd4b9c66e
qd498abe6,dd4bcde76
qd498abe6,dd4b99900
qd498abe6,dd4c1e8a8
qd498abe6,dd4be3da2
qd498abe6,dd4bd938e
qd497d266,dd497d298
qd497d266,dd4c09a2a
qd497d266,dd4c5c6e4
qd497d266,dd498af42
qd497d266,dd4ba5fa2
qd497d266,dd4c5d6ca
qd497d266,dd49797ec
qd497d266,dd4b9f292
qd497d266,dd4c5bdf2
qd497d266,dd4bc0f5a
qd497a84a,dd4bad842
qd497a84a,dd4c5c3b0
qd497a84a,dd4bc6b26
qd497a84a,dd4973d88
qd497a84a,dd4c248b6
qd497a84a,dd496f026
qd497a84a,dd4c17616
qd497a84a,dd4bd519e
qd497a84a,dd4bc45a6
qd497a84a,dd4be9ad6
qd4983c4c,dd4bdeac8
qd4983c4c,dd4984020
qd4983c4c,dd4b91f52
qd4983c4c,dd4bce1c8
qd4983c4c,dd4976808
qd4983c4c,dd4b8edd4
qd4983c4c,dd496cbc8
qd4983c4c,dd4bccc06
qd4983c4c,dd4bca866
qd4983c4c,dd4bb810c
qd49714d4,dd4bc53f2
qd49714d4,dd4b953dc
qd49714d4,dd4b89942
qd49714d4,dd4be026a
qd49714d4,dd4bcfe2e
qd49714d4,dd4c1862e
qd49714d4,dd4bdbdd2
qd49714d4,dd4bc8ebc
qd49714d4,dd4c2acb6
qd49714d4,dd4b9dec4
qd498f204,dd4b979de
qd498f204,dd4c2c872
qd498f204,dd4bb90d4
qd498f204,dd4c08bd4
qd498f204,dd4ba07d2
qd498f204,dd4bc7eb8
qd498f204,dd4bdfb4e
qd498f204,dd4c33230
qd498f204,dd4beb624
qd498f204,dd4c4a82c
qd497dcde,dd4c55cc2
qd497dcde,dd4bdac8e
qd497dcde,dd496e694
qd497dcde,dd4bd2e3a
qd497dcde,dd4bf4468
qd497dcde,dd4c55b0a
qd497dcde,dd4c47e6a
qd497dcde,dd4c2add8
qd497dcde,dd4c56316
qd497dcde,dd4bbfb96
qd497f9bc,dd4c528e2
qd497f9bc,dd4bbf380
qd497f9bc,dd4bafc78
qd497f9bc,dd497b9d4
qd497f9bc,dd4b9ec5c
qd497f9bc,dd4bb7270
qd497f9bc,dd4bb4980
qd497f9bc,dd4b9445a
qd497f9bc,dd4c1e8a8
qd497f9bc,dd497a3f4
qd496cb6e,dd4c1edb2
qd496cb6e,dd4bb66cc
qd496cb6e,dd4ba1894
qd496cb6e,dd4c0748c
qd496cb6e,dd4b8e4d8
qd496cb6e,dd4c4d248
qd496cb6e,dd4bebf02
qd496cb6e,dd4c066e0
qd496cb6e,dd4b9045e
qd496cb6e,dd4c20130
qd497ec92,dd497d298
qd497ec92,dd4c63b10
qd497ec92,dd4bd74e4
qd497ec92,dd4c5bdf2
qd497ec92,dd4c0ce78
qd497ec92,dd4c09a2a
qd497ec92,dd4bbc040
qd497ec92,dd4bd7caa
qd497ec92,dd4bf04da
qd497ec92,dd4c596a6
qd496d8f2,dd496d938
qd496d8f2,dd497fb38
qd496d8f2,dd4b912fa
qd496d8f2,dd4bc1504
qd496d8f2,dd4bc0dd4
qd496d8f2,dd4c247c6
qd496d8f2,dd4bd153a
qd496d8f2,dd4bb66cc
qd496d8f2,dd4c4a3cc
qd496d8f2,dd4ba91e8
qd498103c,dd4bcaf0a
qd498103c,dd4bc5ca8
qd498103c,dd49797ec
qd498103c,dd4bf7820
qd498103c,dd4bdddee
qd498103c,dd4c4ad90
qd498103c,dd4bb6e6a
qd498103c,dd4ba1894
qd498103c,dd4bb2a5e
qd498103c,dd4be3640
qd498043e,dd4b87796
qd498043e,dd4bc654a
qd498043e,dd4bec3f8
qd498043e,dd4b9e068
qd498043e,dd4ba2eba
qd498043e,dd4c2cb10
qd498043e,dd4bcc45e
qd498043e,dd4c229ee
qd498043e,dd4bb43c2
qd498043e,dd4bc12fc
qd4980f24,dd4980f7e
qd4980f24,dd4ba1894
qd4980f24,dd4bcaf0a
qd4980f24,dd4bc8c64
qd4980f24,dd4bef5da
qd4980f24,dd4b8ebcc
qd4980f24,dd4c5d0f8
qd4980f24,dd4bc12fc
qd4980f24,dd4977f8c
qd4980f24,dd4b8ef96
qd4977be0,dd4977c4e
qd4977be0,dd4971178
qd4977be0,dd4ba8144
qd4977be0,dd4bb885a
qd4977be0,dd4c159ec
qd4977be0,dd4bc28d2
qd4977be0,dd4c247c6
qd4977be0,dd4bd153a
qd4977be0,dd4bf6a7e
qd4977be0,dd4c3e590
qd498a100,dd4984962
qd498a100,dd4bcbb1c
qd498a100,dd4bcd5f2
qd498a100,dd4b9c40c
qd498a100,dd4bb7108
qd498a100,dd4c2403c
qd498a100,dd4bb0038
qd498a100,dd4bc36b0
qd498a100,dd4ba1894
qd498a100,dd4c066e0
qd4975fb6,dd4bb82e2
qd4975fb6,dd4bd2822
qd4975fb6,dd4c3eb94
qd4975fb6,dd4bbf650
qd4975fb6,dd4c4cc62
qd4975fb6,dd4bd938e
qd4975fb6,dd4c02568
qd4975fb6,dd4bbae02
qd4975fb6,dd4980f7e
qd4975fb6,dd4c54d9a
qd49763a8,dd49763da
qd49763a8,dd4bc6856
qd49763a8,dd497fd7c
qd49763a8,dd4c1e8a8
qd49763a8,dd4bc67a2
qd49763a8,dd4b9e324
qd49763a8,dd4bdfb4e
qd49763a8,dd4c5a20e
qd49763a8,dd4c42172
qd49763a8,dd4bf5a52
qd4985f56,dd4c2423a
qd4985f56,dd4ba5fa2
qd4985f56,dd4ba2d20
qd4985f56,dd4b9e478
qd4985f56,dd4be9d60
qd4985f56,dd4c4b376
qd4985f56,dd4c32178
qd4985f56,dd4c4249c
qd4985f56,dd4b8883a
qd4985f56,dd4b8983e
qd4983652,dd4983698
qd4983652,dd4c1fcb2
qd4983652,dd4b94ff4
qd4983652,dd4c53d0a
qd4983652,dd4c544d0
qd4983652,dd4c178a0
qd4983652,dd498315c
qd4983652,dd4c27be2
qd4983652,dd4ba6da8
qd4983652,dd4ba4e36
qd4975822,dd497587c
qd4975822,dd4bcdcaa
qd4975822,dd49899f8
qd4975822,dd4ba5fa2
qd4975822,dd498af42
qd4975822,dd4c63b10
qd4975822,dd49797ec
qd4975822,dd4c596a6
qd4975822,dd4bcb644
qd4975822,dd4bef95e
qd49846ec,dd4bf8928
qd49846ec,dd4c4af66
qd49846ec,dd4b9f292
qd49846ec,dd496e8ec
qd49846ec,dd4bdcc0a
qd49846ec,dd498af42
qd49846ec,dd4bae530
qd49846ec,dd4c4b6be
qd49846ec,dd4bb7108
qd49846ec,dd4ba5fa2
qd49798f0,dd4bad4e6
qd49798f0,dd4972b86
qd49798f0,dd4baed28
qd49798f0,dd4c3c8e4
qd49798f0,dd4bb2b58
qd49798f0,dd496ddd4
qd49798f0,dd497774e
qd49798f0,dd4be687c
qd49798f0,dd4bd3d9e
qd49798f0,dd497b29a
qd497c3de,dd4c42172
qd497c3de,dd4c5a20e
qd497c3de,dd4bd7228
qd497c3de,dd497e760
qd497c3de,dd4c01ae6
qd497c3de,dd4c1e8a8
qd497c3de,dd4b974d4
qd497c3de,dd4c4e0f8
qd497c3de,dd4bbde0e
qd497c3de,dd4bc2e5e
qd4974012,dd4bcef88
qd4974012,dd4c57766
qd4974012,dd4bb3648
qd4974012,dd4c5141a
qd4974012,dd497d14e
qd4974012,dd4b8cb06
qd4974012,dd4c4c0f0
qd4974012,dd4b981e0
qd4974012,dd4be3640
qd4974012,dd4bad180
qd4987018,dd4baa548
qd4987018,dd4ba8662
qd4987018,dd4b89762
qd4987018,dd4b8c25a
qd4987018,dd4bd5eb4
qd4987018,dd4bcce18
qd4987018,dd4b8ebcc
qd4987018,dd4b9cec0
qd4987018,dd4ba4404
qd4987018,dd4ba543a
qd498b06e,dd4c4dea0
qd498b06e,dd4bc12fc
qd498b06e,dd4bd3d9e
qd498b06e,dd4bc7eb8
qd498b06e,dd4baf534
qd498b06e,dd4c60c58
qd498b06e,dd4c24e1a
qd498b06e,dd4c5d6ca
qd498b06e,dd4baad2c
qd498b06e,dd4ba7f28
qd49860dc,dd4975e94
qd49860dc,dd4c53418
qd49860dc,dd4bd52b6
qd49860dc,dd4bf189e
qd49860dc,dd4c2cb10
qd49860dc,dd4972a1e
qd49860dc,dd4bb885a
qd49860dc,dd4ba8144
qd49860dc,dd4bd3d9e
qd49860dc,dd4bcf956
qd498aee8,dd497d298
qd498aee8,dd498af42
qd498aee8,dd4ba5fa2
qd498aee8,dd4c37dd0
qd498aee8,dd4bdcc0a
qd498aee8,dd4b9f292
qd498aee8,dd4bcdaf2
qd498aee8,dd49797ec
qd498aee8,dd4bf06ba
qd498aee8,dd4bf81e4
qd497f0a2,dd496dc80
qd497f0a2,dd4c45e44
qd497f0a2,dd4bf43a0
qd497f0a2,dd4bbc31a
qd497f0a2,dd4bd4618
qd497f0a2,dd4b8bd14
qd497f0a2,dd4bbc7ca
qd497f0a2,dd4987a22
qd497f0a2,dd4bf30e0
qd497f0a2,dd4c47e6a
qd4972f78,dd4bd8682
qd4972f78,dd4bc7eb8
qd4972f78,dd4c5f290
qd4972f78,dd498f254
qd4972f78,dd4bae31e
qd4972f78,dd4c4d108
qd4972f78,dd4bed97e
qd4972f78,dd4c24e1a
qd4972f78,dd4c08bd4
qd4972f78,dd4c2c872
qd49768da,dd4bdd286
qd49768da,dd4bb66cc
qd49768da,dd4c04f66
qd49768da,dd4bfdaea
qd49768da,dd4c109d8
qd49768da,dd4ba0ca0
qd49768da,dd4b91048
qd49768da,dd4c52612
qd49768da,dd4be5ef4
qd49768da,dd4bef5da
qd498a218,dd4bafd54
qd498a218,dd4b936f4
qd498a218,dd4bd7caa
qd498a218,dd4bf15c4
qd498a218,dd4bbee44
qd498a218,dd4c1bfb8
qd498a218,dd498ba0a
qd498a218,dd4c30b66
qd498a218,dd4baad2c
qd498a218,dd4bbc7ca
qd4970bd8,dd4bdc084
qd4970bd8,dd4b8f1c6
qd4970bd8,dd4c65c30
qd4970bd8,dd4bf9c7e
qd4970bd8,dd4b9cde4
qd4970bd8,dd4ba7f28
qd4970bd8,dd4c1ca1c
qd4970bd8,dd4c36fde
qd4970bd8,dd4b8eece
qd4970bd8,dd4c2c872
qd497780c,dd4c3eb94
qd497780c,dd4bd2822
qd497780c,dd4bb82e2
qd497780c,dd4bd938e
qd497780c,dd4c08bd4
qd497780c,dd4c54d9a
qd497780c,dd4ba7f28
qd497780c,dd4bda392
qd497780c,dd4c4cc62
qd497780c,dd4ba02f0
qd4980c18,dd4c276ce
qd4980c18,dd4980c68
qd4980c18,dd4ba2eba
qd4980c18,dd4be858c
qd4980c18,dd4bec3f8
qd4980c18,dd4bb407a
qd4980c18,dd4bc783c
qd4980c18,dd4c4dea0
qd4980c18,dd4ba7f28
qd4980c18,dd4c59b2e
qd4984214,dd4c03b7a
qd4984214,dd4bdcb24
qd4984214,dd4bacaf0
qd4984214,dd4bcc7c4
qd4984214,dd49872ac
qd4984214,dd4c4a3cc
qd4984214,dd4bb66cc
qd4984214,dd4c2e726
qd4984214,dd4ba73ca
qd4984214,dd4bc1504
qd497ef44,dd4c4cc62
qd497ef44,dd4bb82e2
qd497ef44,dd4c3eb94
qd497ef44,dd4bd2822
qd497ef44,dd4bd938e
qd497ef44,dd4c02568
qd497ef44,dd4bbf650
qd497ef44,dd4c4d108
qd497ef44,dd4b91048
qd497ef44,dd4980f7e
qd496da50,dd4ba8662
qd496da50,dd4bb8daa
qd496da50,dd4bc12fc
qd496da50,dd4bd0d60
qd496da50,dd4b9c02e
qd496da50,dd4bd74e4
qd496da50,dd4b92a2e
qd496da50,dd4bb6c12
qd496da50,dd4ba4404
qd496da50,dd4b9687c
qd496dd84,dd4be687c
qd496dd84,dd496ddd4
qd496dd84,dd4bb2b58
qd496dd84,dd4c5ec82
qd496dd84,dd4c5d0f8
qd496dd84,dd4be7ede
qd496dd84,dd4c596a6
qd496dd84,dd497f354
qd496dd84,dd497be3e
qd496dd84,dd49707dc
qd4977f3c,dd4bd1de6
qd4977f3c,dd4bcbb1c
qd4977f3c,dd4bb66cc
qd4977f3c,dd497692a
qd4977f3c,dd4b9c40c
qd4977f3c,dd4984962
qd4977f3c,dd49780b8
qd4977f3c,dd4c596a6
qd4977f3c,dd4c4f6b0
qd4977f3c,dd4be5ef4
qd496d596,dd4ba3af4
qd496d596,dd4c4fb38
qd496d596,dd4c282fe
qd496d596,dd4bce1c8
qd496d596,dd4b8c25a
qd496d596,dd4ba4fb2
qd496d596,dd4bf84f0
qd496d596,dd4c63b10
qd496d596,dd4c4d626
qd496d596,dd4b9ae72
qd4990190,dd4bec0ec
qd4990190,dd49901cc
qd4990190,dd4b9f7f6
qd4990190,dd4980a42
qd4990190,dd4b87d18
qd4990190,dd4baf746
qd4990190,dd4bd3790
qd4990190,dd4bf31da
qd4990190,dd4b885a6
qd4990190,dd4c3e590
qd496d758,dd49797ec
qd496d758,dd4bdc4da
qd496d758,dd4b8b4d6
qd496d758,dd4ba3c48
qd496d758,dd4bb3648
qd496d758,dd4b9af30
qd496d758,dd4bf7820
qd496d758,dd4c1d854
qd496d758,dd4c2663e
qd496d758,dd4c10fc8
qd497264a,dd4bdb65c
qd497264a,dd4bc45a6
qd497264a,dd4c248b6
qd497264a,dd4bbc040
qd497264a,dd4bd0d60
qd497264a,dd4bce1c8
qd497264a,dd4bca866
qd497264a,dd4c0ce78
qd497264a,dd4b9c02e
qd497264a,dd496daaa
qd49863d4,dd4bc9a9c
qd49863d4,dd4bcd5f2
qd49863d4,dd4bb7108
qd49863d4,dd4c1201c
qd49863d4,dd4bcf956
qd49863d4,dd4c53418
qd49863d4,dd4ba7cee
qd49863d4,dd4be5ef4
qd49863d4,dd4bd3d9e
qd49863d4,dd496f2ec
qd498c194,dd4bdcc0a
qd498c194,dd4c26116
qd498c194,dd498af42
qd498c194,dd4ba5fa2
qd498c194,dd4b9f292
qd498c194,dd4bae530
qd498c194,dd4bf8928
qd498c194,dd497d298
qd498c194,dd4bf06ba
qd498c194,dd4c37dd0
qd498f6f0,dd4bcc7c4
qd498f6f0,dd4c2add8
qd498f6f0,dd4bea698
qd498f6f0,dd4c53418
qd498f6f0,dd4c5f09c
qd498f6f0,dd4bcf956
qd498f6f0,dd4b94ed2
qd498f6f0,dd4bbb17c
qd498f6f0,dd4b9a936
qd498f6f0,dd4bd3d9e
qd497b11e,dd4c4e62a
qd497b11e,dd4bd3d9e
qd497b11e,dd4bb5efc
qd497b11e,dd4b8b4d6
qd497b11e,dd4bd711a
qd497b11e,dd4beeb30
qd497b11e,dd4c63502
qd497b11e,dd4bb6b4a
qd497b11e,dd4b95fc6
qd497b11e,dd4c31ebc
qd496d2b2,dd4979a3a
qd496d2b2,dd4b900b2
qd496d2b2,dd4b9f4ea
qd496d2b2,dd4b915f2
qd496d2b2,dd4b995e0
qd496d2b2,dd4b94720
qd496d2b2,dd4c09098
qd496d2b2,dd4c2eb4a
qd496d2b2,dd4beee14
qd496d2b2,dd4bf5f66
qd496e252,dd49797ec
qd496e252,dd49899f8
qd496e252,dd4bcdcaa
qd496e252,dd4b9f292
qd496e252,dd4c5d6ca
qd496e252,dd4b8883a
qd496e252,dd4b996e4
qd496e252,dd4bf81e4
qd496e252,dd4c539b8
qd496e252,dd4ba5fa2
qd497019c,dd4ba8662
qd497019c,dd4c248b6
qd497019c,dd4b93a82
qd497019c,dd4bb8daa
qd497019c,dd4bc12fc
qd497019c,dd4b8c25a
qd497019c,dd4c09a2a
qd497019c,dd496daaa
qd497019c,dd4b9c02e
qd497019c,dd4c5bdf2
qd497bf38,dd4971510
qd497bf38,dd4c4c53c
qd497bf38,dd4beb624
qd497bf38,dd4c4a82c
qd497bf38,dd497a3f4
qd497bf38,dd4c4bc68
qd497bf38,dd4c42172
qd497bf38,dd4bd7228
qd497bf38,dd4c1e8a8
qd497bf38,dd4c65c30
qd49733ce,dd4c6501e
qd49733ce,dd4be026a
qd49733ce,dd4c0fb0a
qd49733ce,dd4c528e2
qd49733ce,dd4bbf380
qd49733ce,dd4bc8ebc
qd49733ce,dd496f5c6
qd49733ce,dd4c1862e
qd49733ce,dd4bfcf6e
qd49733ce,dd4c3b9da
qd49730fe,dd4b93a82
qd49730fe,dd49732c0
qd49730fe,dd4bc12fc
qd49730fe,dd4baf0de
qd49730fe,dd4ba302c
qd49730fe,dd4b8bd14
qd49730fe,dd4baad2c
qd49730fe,dd4b9a63e
qd49730fe,dd4bda392
qd49730fe,dd49781f8
qd4976632,dd4c13e26
qd4976632,dd4c5e048
qd4976632,dd4ba898c
qd4976632,dd4980dd0
qd4976632,dd4bc0adc
qd4976632,dd4bb340e
qd4976632,dd4bccf58
qd4976632,dd4b9beda
qd4976632,dd4b9cccc
qd4976632,dd4bff188
qd497dbb2,dd496dc80
qd497dbb2,dd4bb1e4c
qd497dbb2,dd4972226
qd497dbb2,dd4ba534a
qd497dbb2,dd4bf8c16
qd497dbb2,dd4bf30e0
qd497dbb2,dd4ba9d28
qd497dbb2,dd4ba90f8
qd497dbb2,dd498655a
qd497dbb2,dd4be90a4
qd498e02a,dd4979602
qd498e02a,dd4ba543a
qd498e02a,dd4bce1c8
qd498e02a,dd4b8c25a
qd498e02a,dd4b9b93a
qd498e02a,dd4bf43a0
qd498e02a,dd4c3cc86
qd498e02a,dd4b93a82
qd498e02a,dd4bec0ec
qd498e02a,dd4bb8daa
qd498c572,dd4975250
qd498c572,dd4bc6856
qd498c572,dd4bd938e
qd498c572,dd4b8f1c6
qd498c572,dd4bb7270
qd498c572,dd4ba7f28
qd498c572,dd4bf9c7e
qd498c572,dd4c4eac6
qd498c572,dd4c5304e
qd498c572,dd4bc7eb8
qd498c7b6,dd4bd938e
qd498c7b6,dd4ba5d86
qd498c7b6,dd4bbc8f6
qd498c7b6,dd4bdfb4e
qd498c7b6,dd4c46150
qd498c7b6,dd4bcde76
qd498c7b6,dd4c1e8a8
qd498c7b6,dd4be3da2
qd498c7b6,dd4c46786
qd498c7b6,dd4bf9c7e
qd49764fc,dd4beee14
qd49764fc,dd4c10ae6
qd49764fc,dd4c5d0f8
qd49764fc,dd4c17c74
qd49764fc,dd49797ec
qd49764fc,dd4bb8daa
qd49764fc,dd4c36fde
qd49764fc,dd497be3e
qd49764fc,dd4ba5fa2
qd49764fc,dd4ba9f94
qd49754ee,dd4b9cde4
qd49754ee,dd4c1ca1c
qd49754ee,dd4ba02f0
qd49754ee,dd4bb25d6
qd49754ee,dd4c36fde
qd49754ee,dd4c24e1a
qd49754ee,dd4b8f1c6
qd49754ee,dd4ba043a
qd49754ee,dd4b95e86
qd49754ee,dd4ba7f28
qd498a38a,dd4bda02c
qd498a38a,dd4bdf86a
qd498a38a,dd498af42
qd498a38a,dd4bafd54
qd498a38a,dd4ba5fa2
qd498a38a,dd497587c
qd498a38a,dd4c4b6be
qd498a38a,dd4b9f292
qd498a38a,dd4c26116
qd498a38a,dd4ba8144
qd498e4da,dd4be9338
qd498e4da,dd4b9cad8
qd498e4da,dd4baf3ea
qd498e4da,dd4bd4078
qd498e4da,dd498ba0a
qd498e4da,dd4be43d8
qd498e4da,dd4bb8b20
qd498e4da,dd4bbfb96
qd498e4da,dd4bccf58
qd498e4da,dd4bb340e
qd497ddba,dd4c37dd0
qd497ddba,dd4baad2c
qd497ddba,dd4b9f292
qd497ddba,dd4c26116
qd497ddba,dd4c5d6ca
qd497ddba,dd498af42
qd497ddba,dd4bdcc0a
qd497ddba,dd4ba5fa2
qd497ddba,dd497d298
qd497ddba,dd4c4af66
qd497ac6e,dd49763da
qd497ac6e,dd49732c0
qd497ac6e,dd4bcee8e
qd497ac6e,dd4ba3c48
qd497ac6e,dd4bd3d9e
qd497ac6e,dd4c4fec6
qd497ac6e,dd4b9f918
qd497ac6e,dd4c1e8a8
qd497ac6e,dd4c1ca1c
qd497ac6e,dd4bb25d6
qd498bb90,dd4be9ad6
qd498bb90,dd4b89762
qd498bb90,dd4bd5eb4
qd498bb90,dd4bc53f2
qd498bb90,dd4b93e60
qd498bb90,dd4bc7a6c
qd498bb90,dd4c19cae
qd498bb90,dd4b96a84
qd498bb90,dd4b9cec0
qd498bb90,dd4973d88
qd49806fa,dd4c619b4
qd49806fa,dd4bd3d9e
qd49806fa,dd4c5d6ca
qd49806fa,dd4bf189e
qd49806fa,dd4b9c40c
qd49806fa,dd4bd1de6
qd49806fa,dd4ba4792
qd49806fa,dd4be623c
qd49806fa,dd4b8f61c
qd49806fa,dd4bef95e
qd497ae62,dd4b8eafa
qd497ae62,dd4baa548
qd497ae62,dd498655a
qd497ae62,dd4ba8144
qd497ae62,dd4c3af26
qd497ae62,dd4b89762
qd497ae62,dd4b8a6b2
qd497ae62,dd4979602
qd497ae62,dd4bc53f2
qd497ae62,dd4b9cec0
qd4985b64,dd4b973b2
qd4985b64,dd4c4c53c
qd4985b64,dd4980a42
qd4985b64,dd4be45d6
qd4985b64,dd4b9f7f6
qd4985b64,dd4b87d18
qd4985b64,dd4be4e3c
qd4985b64,dd4c4c208
qd4985b64,dd4971510
qd4985b64,dd4bae6b6
qd4988ff8,dd4c55cc2
qd4988ff8,dd496e694
qd4988ff8,dd497bae2
qd4988ff8,dd4b952d8
qd4988ff8,dd4bad842
qd4988ff8,dd4973d88
qd4988ff8,dd49781f8
qd4988ff8,dd4ba3e6e
qd4988ff8,dd4bbb17c
qd4988ff8,dd4bb43c2
qd49857c2,dd4ba2eba
qd49857c2,dd4980c68
qd49857c2,dd4bb407a
qd49857c2,dd4bec3f8
qd49857c2,dd4bc783c
qd49857c2,dd4be858c
qd49857c2,dd4c276ce
qd49857c2,dd4c4a82c
qd49857c2,dd4c14146
qd49857c2,dd4c42c8a
qd497f2fa,dd4b9f292
qd497f2fa,dd4c1a4c4
qd497f2fa,dd4bc0bea
qd497f2fa,dd4c15da2
qd497f2fa,dd4b9e068
qd497f2fa,dd49797ec
qd497f2fa,dd4bd5eb4
qd497f2fa,dd4baad2c
qd497f2fa,dd4b8e046
qd497f2fa,dd4ba5fa2
qd4980d76,dd4bcc1f2
qd4980d76,dd4bf8c16
qd4980d76,dd4bf481e
qd4980d76,dd4b96a84
qd4980d76,dd4b9ea7c
qd4980d76,dd4b89762
qd4980d76,dd4972226
qd4980d76,dd4974b0c
qd4980d76,dd4c1a4c4
qd4980d76,dd4c37cfe
qd498664a,dd4be858c
qd498664a,dd4980c68
qd498664a,dd4ba2eba
qd498664a,dd4bec3f8
qd498664a,dd4bb407a
qd498664a,dd4bc783c
qd498664a,dd4c276ce
qd498664a,dd4baef9e
qd498664a,dd4c4a82c
qd498664a,dd4c4f3d6
qd498b85c,dd4b8ebcc
qd498b85c,dd4be5ef4
qd498b85c,dd4984962
qd498b85c,dd4c109d8
qd498b85c,dd4ba1894
qd498b85c,dd4bcd5f2
qd498b85c,dd4c066e0
qd498b85c,dd4c1201c
qd498b85c,dd4bcbb1c
qd498b85c,dd4bb7108
qd497c15e,dd4984962
qd497c15e,dd4c109d8
qd497c15e,dd4bcd5f2
qd497c15e,dd4c544d0
qd497c15e,dd4b8ebcc
qd497c15e,dd4bcbb1c
qd497c15e,dd4bd1de6
qd497c15e,dd4ba1894
qd497c15e,dd4bb0038
qd497c15e,dd4ba3d92
qd497915c,dd4bcd6a6
qd497915c,dd4b9af30
qd497915c,dd4bfb628
qd497915c,dd4bb3648
qd497915c,dd4bcd4da
qd497915c,dd4bd1de6
qd497915c,dd4b89762
qd497915c,dd4bcbb1c
qd497915c,dd4c57766
qd497915c,dd4c111ee
qd4974ac6,dd4c37cfe
qd4974ac6,dd4bc7db4
qd4974ac6,dd4bf43a0
qd4974ac6,dd4c19cae
qd4974ac6,dd4bd5eb4
qd4974ac6,dd4bbc31a
qd4974ac6,dd4ba6754
qd4974ac6,dd4972a1e
qd4974ac6,dd49870ae
qd4974ac6,dd4b96a84
qd4976b96,dd4c4c53c
qd4976b96,dd4c42172
qd4976b96,dd4bbde0e
qd4976b96,dd4c4cc62
qd4976b96,dd4beb624
qd4976b96,dd4c4c208
qd4976b96,dd497b9d4
qd4976b96,dd4bbf380
qd4976b96,dd4c323bc
qd4976b96,dd4bcff28
qd4980b0a,dd4bf189e
qd4980b0a,dd4bd52b6
qd4980b0a,dd4c53418
qd4980b0a,dd4c5adf8
qd4980b0a,dd4bd7caa
qd4980b0a,dd4c5bdf2
qd4980b0a,dd4bf6a7e
qd4980b0a,dd4ba1894
qd4980b0a,dd4b9ee6e
qd4980b0a,dd4ba5fa2
qd498e174,dd4b9f292
qd498e174,dd498af42
qd498e174,dd4bcdcaa
qd498e174,dd4c5d6ca
qd498e174,dd4982f7c
qd498e174,dd497587c
qd498e174,dd49899f8
qd498e174,dd4b8da4c
qd498e174,dd496e8ec
qd498e174,dd4bde83e
qd497611e,dd4c5d6ca
qd497611e,dd4ba5fa2
qd497611e,dd4bc0f5a
qd497611e,dd4c5bdf2
qd497611e,dd498af42
qd497611e,dd4b8e046
qd497611e,dd4b8da4c
qd497611e,dd4b8983e
qd497611e,dd4c596a6
qd497611e,dd4c229ee
qd4989520,dd4c066e0
qd4989520,dd4b8f61c
qd4989520,dd4ba1894
qd4989520,dd4be8cbc
qd4989520,dd4c13e26
qd4989520,dd4b926f0
qd4989520,dd4c0748c
qd4989520,dd4ba3d92
qd4989520,dd4bef5da
qd4989520,dd4be5ef4
qd4976a60,dd4976a9c
qd4976a60,dd496fc06
qd4976a60,dd4bc7c60
qd4976a60,dd4b8c7be
qd4976a60,dd4bb43c2
qd4976a60,dd4bd4820
qd4976a60,dd497477e
qd4976a60,dd4b8fe50
qd4976a60,dd4be50b2
qd4976a60,dd4c54d9a
qd497f700,dd4bd1de6
qd497f700,dd4bb66cc
qd497f700,dd4970318
qd497f700,dd4c109d8
qd497f700,dd4ba3d92
qd497f700,dd4be5ef4
qd497f700,dd4ba1894
qd497f700,dd4b8ef96
qd497f700,dd4bc8c64
qd497f700,dd4bc0f5a
qd4982b3a,dd4c33230
qd4982b3a,dd4c0fb0a
qd4982b3a,dd4b8eece
qd4982b3a,dd4c36fde
qd4982b3a,dd4c5a20e
qd4982b3a,dd4c42172
qd4982b3a,dd4c65c30
qd4982b3a,dd4c46150
qd4982b3a,dd4c01ae6
qd4982b3a,dd4bc2e5e
qd497e238,dd4c33230
qd497e238,dd4c4f7aa
qd497e238,dd4c4a2c8
qd497e238,dd4bbd4e0
qd497e238,dd4c0fb0a
qd497e238,dd4b9405e
qd497e238,dd4ba7a78
qd497e238,dd4b89cbc
qd497e238,dd4bc75f8
qd497e238,dd4b885a6
qd498984a,dd4b9445a
qd498984a,dd4b86b98
qd498984a,dd4c247c6
qd498984a,dd4bd153a
qd498984a,dd4ba1894
qd498984a,dd4be50b2
qd498984a,dd4bcf794
qd498984a,dd4c1201c
qd498984a,dd4bc9f60
qd498984a,dd4970318
qd4990050,dd4c598ea
qd4990050,dd4bb9458
qd4990050,dd4baf534
qd4990050,dd4bcfd48
qd4990050,dd4b96f16
qd4990050,dd4c17b16
qd4990050,dd4c4b6be
qd4990050,dd4c5dbb6
qd4990050,dd4c60bae
qd4990050,dd4bde83e
qd49702b4,dd4bb6c12
qd49702b4,dd4bd74e4
qd49702b4,dd4bd5eb4
qd49702b4,dd497848c
qd49702b4,dd4bc7db4
qd49702b4,dd4bc09b0
qd49702b4,dd4c0ce78
qd49702b4,dd4bc12fc
qd49702b4,dd4bd7caa
qd49702b4,dd4c322cc
qd497ad40,dd4b94ed2
qd497ad40,dd4b8c340
qd497ad40,dd497ad9a
qd497ad40,dd4c1201c
qd497ad40,dd4c53418
qd497ad40,dd4bcf956
qd497ad40,dd497cdca
qd497ad40,dd4ba534a
qd497ad40,dd4b9445a
qd497ad40,dd4be50b2
qd498eea8,dd497d70c
qd498eea8,dd4c31af2
qd498eea8,dd4c52c70
qd498eea8,dd4c58b02
qd498eea8,dd4b9b93a
qd498eea8,dd4c25cf2
qd498eea8,dd4977f8c
qd498eea8,dd4c63b10
qd498eea8,dd4bbfb96
qd498eea8,dd4ba302c
qd497fade,dd4984962
qd497fade,dd4bcbb1c
qd497fade,dd4b9c40c
qd497fade,dd4bb0038
qd497fade,dd4c2403c
qd497fade,dd4c5d0f8
qd497fade,dd4bb7108
qd497fade,dd4b8ebcc
qd497fade,dd4ba91e8
qd497fade,dd4bc36b0
qd498dcd8,dd4975e94
qd498dcd8,dd4ba8144
qd498dcd8,dd4bafd54
qd498dcd8,dd4bb885a
qd498dcd8,dd4c53418
qd498dcd8,dd4bf189e
qd498dcd8,dd4972a1e
qd498dcd8,dd4bd52b6
qd498dcd8,dd4c0ce78
qd498dcd8,dd4bcf1ae
qd4985312,dd496d5d2
qd4985312,dd4bc7b52
qd4985312,dd4bc7c60
qd4985312,dd4b8f518
qd4985312,dd496fc06
qd4985312,dd4976a9c
qd4985312,dd4c4ee72
qd4985312,dd4b8c7be
qd4985312,dd4b93a82
qd4985312,dd497a3f4
qd497f46c,dd4ba4e36
qd497f46c,dd4baad2c
qd497f46c,dd4c248b6
qd497f46c,dd4ba8662
qd497f46c,dd4c09a2a
qd497f46c,dd4bb8daa
qd497f46c,dd4b93a82
qd497f46c,dd4987a22
qd497f46c,dd4bdb65c
qd497f46c,dd4ba4fb2
qd4986f00,dd497587c
qd4986f00,dd49797ec
qd4986f00,dd4ba5fa2
qd4986f00,dd4b9f292
qd4986f00,dd4bdddee
qd4986f00,dd498af42
qd4986f00,dd4c596a6
qd4986f00,dd4b8d556
qd4986f00,dd4c5d0f8
qd4986f00,dd4c15da2
qd498df58,dd497e760
qd498df58,dd4c01ae6
qd498df58,dd4b9c33a
qd498df58,dd497a3f4
qd498df58,dd4c4e0f8
qd498df58,dd4b974d4
qd498df58,dd4c4bc68
qd498df58,dd4c1e8a8
qd498df58,dd4bd938e
qd498df58,dd49763da
qd4975be2,dd4c5c3b0
qd4975be2,dd4973d88
qd4975be2,dd4bb6a78
qd4975be2,dd4b9ea7c
qd4975be2,dd4bc7a6c
qd4975be2,dd4bd519e
qd4975be2,dd4b9e068
qd4975be2,dd4b93e60
qd4975be2,dd4bdb65c
qd4975be2,dd4be9ad6
qd4984304,dd4b91f52
qd4984304,dd4bc62ca
qd4984304,dd4c43efa
qd4984304,dd4c498dc
qd4984304,dd4bd929e
qd4984304,dd4c48b62
qd4984304,dd4bdeac8
qd4984304,dd4baad2c
qd4984304,dd4b8edd4
qd4984304,dd4c30b66
qd4977708,dd4c3eb94
qd4977708,dd4bd2822
qd4977708,dd4bd938e
qd4977708,dd4bb82e2
qd4977708,dd4c4cc62
qd4977708,dd4980f7e
qd4977708,dd4bbf650
qd4977708,dd4c02568
qd4977708,dd4bf5a52
qd4977708,dd4bc12fc
qd498e8b8,dd4bdb65c
qd498e8b8,dd4c17616
qd498e8b8,dd4ba91e8
qd498e8b8,dd4bb8daa
qd498e8b8,dd4bad842
qd498e8b8,dd4ba3e6e
qd498e8b8,dd4bd74e4
qd498e8b8,dd4bbb17c
qd498e8b8,dd4bdddee
qd498e8b8,dd4c5c3b0
qd4976e70,dd4bbde0e
qd4976e70,dd4c4cc62
qd4976e70,dd4c42172
qd4976e70,dd4bb25d6
qd4976e70,dd4beb624
qd4976e70,dd4bdc084
qd4976e70,dd4bd938e
qd4976e70,dd4c5f290
qd4976e70,dd4b89942
qd4976e70,dd4bf31da
qd4984476,dd4b8fe50
qd4984476,dd4ba1894
qd4984476,dd4bcaf0a
qd4984476,dd4bfd69e
qd4984476,dd4b8ce1c
qd4984476,dd49707dc
qd4984476,dd4b91e44
qd4984476,dd4c57766
qd4984476,dd4bef1ca
qd4984476,dd4b8b4d6
qd4975e44,dd4975e94
qd4975e44,dd4bb885a
qd4975e44,dd4b926f0
qd4975e44,dd4bf189e
qd4975e44,dd4bc12fc
qd4975e44,dd4bb8daa
qd4975e44,dd4ba850e
qd4975e44,dd4bbee44
qd4975e44,dd4bbc7ca
qd4975e44,dd4c39c3e
qd4976222,dd4ba2eba
qd4976222,dd4980c68
qd4976222,dd4bec3f8
qd4976222,dd4be858c
qd4976222,dd4c276ce
qd4976222,dd4bb407a
qd4976222,dd4bc783c
qd4976222,dd4c4a82c
qd4976222,dd4c14146
qd4976222,dd4c51fbe
qd4974bca,dd4bdf86a
qd4974bca,dd4ba043a
qd4974bca,dd4c4b6be
qd4974bca,dd4ba5fa2
qd4974bca,dd4c15da2
qd4974bca,dd4c4af66
qd4974bca,dd498af42
qd4974bca,dd497d298
qd4974bca,dd4c26116
qd4974bca,dd497587c
qd496ccfe,dd4bc0adc
qd496ccfe,dd4b9cccc
qd496ccfe,dd4c32894
qd496ccfe,dd497edaa
qd496ccfe,dd4ba3d92
qd496ccfe,dd496df64
qd496ccfe,dd4c13e26
qd496ccfe,dd4be8cbc
qd496ccfe,dd4bf8c16
qd496ccfe,dd4b9bda4
qd4974eae,dd4c544d0
qd4974eae,dd4c648e4
qd4974eae,dd4b94ff4
qd4974eae,dd4983698
qd4974eae,dd4b92614
qd4974eae,dd4c27be2
qd4974eae,dd4ba6da8
qd4974eae,dd4bc314c
qd4974eae,dd4bc9542
qd4974eae,dd4c58e5e
qd497596c,dd4b99bf8
qd497596c,dd4c4ba38
qd497596c,dd4c0aec0
qd497596c,dd4c0748c
qd497596c,dd4b9fab2
qd497596c,dd4bc2bac
qd497596c,dd4c2cb10
qd497596c,dd4bbbab4
qd497596c,dd4bdddee
qd497596c,dd4973d88
qd4983d78,dd4bace88
qd4983d78,dd4bf89fa
qd4983d78,dd4c13e26
qd4983d78,dd4c5093e
qd4983d78,dd4b9cccc
qd4983d78,dd4ba6b50
qd4983d78,dd4baa73c
qd4983d78,dd4bc83ae
qd4983d78,dd4b9beda
qd4983d78,dd4c32894
qd497c01e,dd4bd52b6
qd497c01e,dd4bf189e
qd497c01e,dd4c53418
qd497c01e,dd4bfd414
qd497c01e,dd4bd5eb4
qd497c01e,dd4bd74e4
qd497c01e,dd4bd7caa
qd497c01e,dd4bcaf0a
qd497c01e,dd4c5adf8
qd497c01e,dd4bb6c12
qd4973eb4,dd4b96a84
qd4973eb4,dd4b9cec0
qd4973eb4,dd4b9ea7c
qd4973eb4,dd4b89762
qd4973eb4,dd4bc7a6c
qd4973eb4,dd4bd5eb4
qd4973eb4,dd4973d88
qd4973eb4,dd4be9ad6
qd4973eb4,dd4bb6a78
qd4973eb4,dd4bafd54
qd49729a6,dd4972a1e
qd49729a6,dd4bc7db4
qd49729a6,dd4b996e4
qd49729a6,dd4ba203c
qd49729a6,dd4c0831e
qd49729a6,dd4c619b4
qd49729a6,dd4c3af26
qd49729a6,dd4c0ce78
qd49729a6,dd4baa548
qd49729a6,dd4bf8c16
qd4986230,dd4c31af2
qd4986230,dd4c32b8c
qd4986230,dd4b89762
qd4986230,dd4be9ad6
qd4986230,dd4b8d556
qd4986230,dd4c4cb72
qd4986230,dd4c53bca
qd4986230,dd4bcbb1c
qd4986230,dd4c58b02
qd4986230,dd4970318
qd498088a,dd4ba4e36
qd498088a,dd4c282fe
qd498088a,dd4ba4fb2
qd498088a,dd4baad2c
qd498088a,dd4987a22
qd498088a,dd4b93a82
qd498088a,dd4bdeac8
qd498088a,dd4bdfd38
qd498088a,dd4bdb65c
qd498088a,dd4c3cc86
qd49745d0,dd4c5d0f8
qd49745d0,dd4bfa8cc
qd49745d0,dd4bdddee
qd49745d0,dd4b90ada
qd49745d0,dd4b994c8
qd49745d0,dd4b92a2e
qd49745d0,dd4c53418
qd49745d0,dd4bcce18
qd49745d0,dd4c229ee
qd49745d0,dd4baf534
qd49837ce,dd4b9c948
qd49837ce,dd4ba302c
qd49837ce,dd4baad2c
qd49837ce,dd4bf6a7e
qd49837ce,dd496daaa
qd49837ce,dd4c5fd4e
qd49837ce,dd4bc12fc
qd49837ce,dd4b9c02e
qd49837ce,dd4ba850e
qd49837ce,dd4985704
qd497c28a,dd49741fc
qd497c28a,dd4b93a82
qd497c28a,dd4987a22
qd497c28a,dd4bb3ea4
qd497c28a,dd497314e
qd497c28a,dd4c247c6
qd497c28a,dd4ba302c
qd497c28a,dd49732c0
qd497c28a,dd4c2add8
qd497c28a,dd4b9c948
qd49823ec,dd4c0ce78
qd49823ec,dd4bb8daa
qd49823ec,dd4bc12fc
qd49823ec,dd4c58382
qd49823ec,dd4c63b10
qd49823ec,dd4c09a2a
qd49823ec,dd4bca866
qd49823ec,dd4c619b4
qd49823ec,dd4bef5da
qd49823ec,dd4980f7e
qd4974fc6,dd4984020
qd4974fc6,dd4bdeac8
qd4974fc6,dd4b91f52
qd4974fc6,dd4bc62ca
qd4974fc6,dd4c48b62
qd4974fc6,dd4bdf95a
qd4974fc6,dd4c43efa
qd4974fc6,dd4ba4152
qd4974fc6,dd4b8edd4
qd4974fc6,dd4bcb1a8
qd497a61a,dd4bcc45e
qd497a61a,dd4bb810c
qd497a61a,dd496cbc8
qd497a61a,dd4976808
qd497a61a,dd4bc62ca
qd497a61a,dd4b8e3ac
qd497a61a,dd4baad2c
qd497a61a,dd4b8d39e
qd497a61a,dd4bc12fc
qd497a61a,dd4befcce
qd498f592,dd4c111ee
qd498f592,dd497a156
qd498f592,dd4bd711a
qd498f592,dd4bd3d9e
qd498f592,dd4b9cfc4
qd498f592,dd4ba111e
qd498f592,dd4b96ca0
qd498f592,dd4b9c40c
qd498f592,dd4b8af54
qd498f592,dd4bb3648
qd4984d72,dd4976a9c
qd4984d72,dd4bc7c60
qd4984d72,dd4c5eaa2
qd4984d72,dd4b8c7be
qd4984d72,dd4984962
qd4984d72,dd4972fd2
qd4984d72,dd4b9d988
qd4984d72,dd4c42c8a
qd4984d72,dd4bb0038
qd4984d72,dd4c1bfb8
qd498338c,dd4c4e62a
qd498338c,dd4bfd69e
qd498338c,dd4bd3d9e
qd498338c,dd4c31ebc
qd498338c,dd4b8b4d6
qd498338c,dd4bdb3be
qd498338c,dd4c1d62e
qd498338c,dd4c2663e
qd498338c,dd49889a4
qd498338c,dd49811d6
qd49851a0,dd4c5e502
qd49851a0,dd4bf0eb2
qd49851a0,dd4b94266
qd49851a0,dd4ba8662
qd49851a0,dd4bf8c16
qd49851a0,dd4bc0bea
qd49851a0,dd4c515dc
qd49851a0,dd4bbee44
qd49851a0,dd4ba1894
qd49851a0,dd4bcce18
qd4974986,dd4bbd300
qd4974986,dd4bf094e
qd4974986,dd4b916e2
qd4974986,dd4bdb65c
qd4974986,dd4974328
qd4974986,dd4bc45a6
qd4974986,dd4c17616
qd4974986,dd4c248b6
qd4974986,dd4bad842
qd4974986,dd4b8d65a
qd49830f8,dd4b9ea7c
qd49830f8,dd4bdcc0a
qd49830f8,dd4b89762
qd49830f8,dd4c1a4c4
qd49830f8,dd49797ec
qd49830f8,dd4b8d556
qd49830f8,dd4c0e5c0
qd49830f8,dd4bae530
qd49830f8,dd4b9f292
qd49830f8,dd4b8da4c
qd497a750,dd4bcb2de
qd497a750,dd4c3c6b4
qd497a750,dd4c1e48e
qd497a750,dd4bac14a
qd497a750,dd4c58e5e
qd497a750,dd4bb7108
qd497a750,dd4bfeaee
qd497a750,dd498315c
qd497a750,dd4b8da4c
qd497a750,dd4b9e068
qd498290a,dd4ba4e36
qd498290a,dd4baad2c
qd498290a,dd4bc12fc
qd498290a,dd4b93a82
qd498290a,dd4ba302c
qd498290a,dd4ba3af4
qd498290a,dd4ba4fb2
qd498290a,dd4c5fd4e
qd498290a,dd4c282fe
qd498290a,dd4b994c8
qd4988bc0,dd4988c1a
qd4988bc0,dd4bdfd38
qd4988bc0,dd4c4d248
qd4988bc0,dd4c282fe
qd4988bc0,dd4bb8daa
qd4988bc0,dd4ba3c48
qd4988bc0,dd4bc12fc
qd4988bc0,dd4c5d0f8
qd4988bc0,dd4b9c40c
qd4988bc0,dd4ba1894
qd497e468,dd4c4f6b0
qd497e468,dd4970318
qd497e468,dd4b957d8
qd497e468,dd4b86b98
qd497e468,dd497e4cc
qd497e468,dd4bc8c64
qd497e468,dd4c20c52
qd497e468,dd4c09a2a
qd497e468,dd4bd52b6
qd497e468,dd4984962
qd4971114,dd4971178
qd4971114,dd4bd3d9e
qd4971114,dd4bc9ca4
qd4971114,dd4bd0d60
qd4971114,dd4b92a2e
qd4971114,dd4baf3ea
qd4971114,dd4be5ef4
qd4971114,dd4bb0038
qd4971114,dd4b8ebcc
qd4971114,dd4c619b4
qd4988954,dd4ba3e6e
qd4988954,dd496d938
qd4988954,dd4971178
qd4988954,dd4bbb17c
qd4988954,dd4b8ebcc
qd4988954,dd4ba91e8
qd4988954,dd4b912fa
qd4988954,dd4bcc7c4
qd4988954,dd4ba1894
qd4988954,dd4b9a936
qd4987fcc,dd4b8da4c
qd4987fcc,dd4b9f292
qd4987fcc,dd4bf8928
qd4987fcc,dd4c619b4
qd4987fcc,dd4bc36b0
qd4987fcc,dd4bec2fe
qd4987fcc,dd49899f8
qd4987fcc,dd4c5c6e4
qd4987fcc,dd4bee7ac
qd4987fcc,dd4bd5eb4
qd496e874,dd4c16644
qd496e874,dd4c598ea
qd496e874,dd4c4fc1e
qd496e874,dd4ba74c4
qd496e874,dd4c63b10
qd496e874,dd4bf8928
qd496e874,dd4c26116
qd496e874,dd498ba0a
qd496e874,dd4bf6a7e
qd496e874,dd4bf81e4
qd4973946,dd4ba5fa2
qd4973946,dd497d298
qd4973946,dd4bcdaf2
qd4973946,dd498af42
qd4973946,dd4ba043a
qd4973946,dd4b9f292
qd4973946,dd4c4af66
qd4973946,dd4b8c5c0
qd4973946,dd4c26116
qd4973946,dd4c37dd0
qd498ca04,dd4980f7e
qd498ca04,dd4c5f290
qd498ca04,dd4c5c9e6
qd498ca04,dd497e274
qd498ca04,dd4c528e2
qd498ca04,dd4ba07d2
qd498ca04,dd4bf5a52
qd498ca04,dd4b9f918
qd498ca04,dd4c4c53c
qd498ca04,dd4bb4980
qd49892dc,dd4bc12fc
qd49892dc,dd4b89762
qd49892dc,dd4ba8662
qd49892dc,dd4c248b6
qd49892dc,dd4b9ea7c
qd49892dc,dd4bef5da
qd49892dc,dd4973d88
qd49892dc,dd4bb8daa
qd49892dc,dd4bc9bbe
qd49892dc,dd4bdb65c
qd4982c20,dd4ba203c
qd4982c20,dd4bf11a0
qd4982c20,dd4bafd54
qd4982c20,dd4bb66cc
qd4982c20,dd4979b84
qd4982c20,dd4972a1e
qd4982c20,dd4c07cfc
qd4982c20,dd4bc8c64
qd4982c20,dd496cd4e
qd4982c20,dd4c109d8
qd497bde4,dd497be3e
qd497bde4,dd4977f8c
qd497bde4,dd4c5d0f8
qd497bde4,dd498315c
qd497bde4,dd497f354
qd497bde4,dd4b9e068
qd497bde4,dd4be7ede
qd497bde4,dd4bdcf70
qd497bde4,dd4be687c
qd497bde4,dd4bcb2de
qd498fac4,dd497edaa
qd498fac4,dd4b9cccc
qd498fac4,dd4c1da48
qd498fac4,dd4c13e26
qd498fac4,dd4c32894
qd498fac4,dd4b96ca0
qd498fac4,dd4bff188
qd498fac4,dd4bc0adc
qd498fac4,dd4973a2c
qd498fac4,dd4bb3026
qd496ee8c,dd4bc53f2
qd496ee8c,dd4baa548
qd496ee8c,dd4c5e502
qd496ee8c,dd4c63b10
qd496ee8c,dd4ba276c
qd496ee8c,dd4b9b93a
qd496ee8c,dd4ba543a
qd496ee8c,dd4b96a84
qd496ee8c,dd4b89762
qd496ee8c,dd4c3af26
qd497dff4,dd4ba3e6e
qd497dff4,dd4ba91e8
qd497dff4,dd496d938
qd497dff4,dd4b8ebcc
qd497dff4,dd4b86b98
qd497dff4,dd4b9a936
qd497dff4,dd4ba1894
qd497dff4,dd4bbb17c
qd497dff4,dd4b912fa
qd497dff4,dd4bb7108
qd4984c28,dd4bd6166
qd4984c28,dd4baca00
qd4984c28,dd4bb6398
qd4984c28,dd4bea4b8
qd4984c28,dd4ba3c48
qd4984c28,dd4c54d9a
qd4984c28,dd4b97e7a
qd4984c28,dd4bae31e
qd4984c28,dd4984962
qd4984c28,dd4bd3d9e
qd497e9a4,dd4c32894
qd497e9a4,dd4975d4a
qd497e9a4,dd4bc0adc
qd497e9a4,dd4c23b64
qd497e9a4,dd4b88aa6
qd497e9a4,dd4c1201c
qd497e9a4,dd4b8c4ee
qd497e9a4,dd4ba898c
qd497e9a4,dd4c2403c
qd497e9a4,dd4b9cccc
qd498ada8,dd497587c
qd498ada8,dd4bcdcaa
qd498ada8,dd498d03a
qd498ada8,dd4c56e56
qd498ada8,dd4bcb0cc
qd498ada8,dd49899f8
qd498ada8,dd49797ec
qd498ada8,dd4bfa8cc
qd498ada8,dd4c539b8
qd498ada8,dd4c4b376
qd497fd2c,dd4bb82e2
qd497fd2c,dd4bc6856
qd497fd2c,dd4c08bd4
qd497fd2c,dd4c3eb94
qd497fd2c,dd4bb90d4
qd497fd2c,dd4b8f1c6
qd497fd2c,dd4c26116
qd497fd2c,dd4c596a6
qd497fd2c,dd4ba7f28
qd497fd2c,dd4bc12fc
qd4981fc8,dd4bcc45e
qd4981fc8,dd4c1edb2
qd4981fc8,dd4976682
qd4981fc8,dd4bdf95a
qd4981fc8,dd4c37394
qd4981fc8,dd4bb2f36
qd4981fc8,dd4bde6cc
qd4981fc8,dd4c13c64
qd4981fc8,dd4c30b66
qd4981fc8,dd4c43efa
qd497d0f4,dd4bca866
qd497d0f4,dd4c63b10
qd497d0f4,dd4ba4e36
qd497d0f4,dd4b89762
qd497d0f4,dd4baad2c
qd497d0f4,dd4ba4fb2
qd497d0f4,dd4b9b93a
qd497d0f4,dd4c1a4c4
qd497d0f4,dd4b9ea7c
qd497d0f4,dd4bdcc0a
qd49858da,dd4c32894
qd49858da,dd4975d4a
qd49858da,dd4b88aa6
qd49858da,dd497edaa
qd49858da,dd4be8cbc
qd49858da,dd4bb66cc
qd49858da,dd4b9bda4
qd49858da,dd4c109d8
qd49858da,dd4b91b88
qd49858da,dd4b8ef96
qd496c6a0,dd4ba07d2
qd496c6a0,dd4b95e86
qd496c6a0,dd4bd938e
qd496c6a0,dd4bae31e
qd496c6a0,dd4ba02f0
qd496c6a0,dd4c33230
qd496c6a0,dd4c5f290
qd496c6a0,dd4bb3742
qd496c6a0,dd4c4d108
qd496c6a0,dd4980f7e
qd49800e2,dd4c4f6b0
qd49800e2,dd4c2403c
qd49800e2,dd4980f7e
qd49800e2,dd4bcbb1c
qd49800e2,dd4c5baf0
qd49800e2,dd4bef5da
qd49800e2,dd4970318
qd49800e2,dd4bc8c64
qd49800e2,dd4984962
qd49800e2,dd4b8ef96
qd497a4ee,dd4c13e26
qd497a4ee,dd4ba898c
qd497a4ee,dd4b8c4ee
qd497a4ee,dd4c1da48
qd497a4ee,dd4bccf58
qd497a4ee,dd4bc0adc
qd497a4ee,dd4c32894
qd497a4ee,dd4bb340e
qd497a4ee,dd4c5e048
qd497a4ee,dd497edaa
qd4974878,dd4973c8e
qd4974878,dd4c24b7c
qd4974878,dd4b9cad8
qd4974878,dd4be43d8
qd4974878,dd4bdddee
qd4974878,dd4c5141a
qd4974878,dd4c473d4
qd4974878,dd4b8d556
qd4974878,dd4c4e8c8
qd4974878,dd49797ec
qd497bcc2,dd4c5f498
qd497bcc2,dd497e134
qd497bcc2,dd4bb1f8c
qd497bcc2,dd4c35d50
qd497bcc2,dd497bd08
qd497bcc2,dd4c2d858
qd497bcc2,dd4c4ab38
qd497bcc2,dd4b9c948
qd497bcc2,dd4bc9326
qd497bcc2,dd4985704
qd498a97a,dd4c4e0f8
qd498a97a,dd4c1e8a8
qd498a97a,dd4b87b10
qd498a97a,dd49763da
qd498a97a,dd4bbde0e
qd498a97a,dd4c42172
qd498a97a,dd4b89942
qd498a97a,dd4c4d108
qd498a97a,dd4c4bc68
qd498a97a,dd4c4f6b0
qd498c64e,dd4c598ea
qd498c64e,dd4bcfd48
qd498c64e,dd4bcaf0a
qd498c64e,dd4c529be
qd498c64e,dd4bde83e
qd498c64e,dd4b96f16
qd498c64e,dd4bd7926
qd498c64e,dd4c13e26
qd498c64e,dd4c0831e
qd498c64e,dd4c3143a
qd498d422,dd4bd7caa
qd498d422,dd4bd74e4
qd498d422,dd4c0ce78
qd498d422,dd4c04c14
qd498d422,dd4c5bdf2
qd498d422,dd4c322cc
qd498d422,dd4c4d522
qd498d422,dd4bfd414
qd498d422,dd4bc12fc
qd498d422,dd4bb6c12
qd4979db4,dd4ba3d92
qd4979db4,dd496df64
qd4979db4,dd4bf0eb2
qd4979db4,dd4bf8c16
qd4979db4,dd496cd4e
qd4979db4,dd4bc0bea
qd4979db4,dd4b94266
qd4979db4,dd4be2862
qd4979db4,dd4bebe26
qd4979db4,dd4b9e068
qd4974d64,dd496f968
qd4974d64,dd4bbbab4
qd4974d64,dd4ba0908
qd4974d64,dd4c60bae
qd4974d64,dd4baf534
qd4974d64,dd4c229ee
qd4974d64,dd4bc36b0
qd4974d64,dd4984962
qd4974d64,dd4bb7108
qd4974d64,dd4c066e0
qd4986b4a,dd4c1e8a8
qd4986b4a,dd4c22fb6
qd4986b4a,dd4bd7228
qd4986b4a,dd4bc6856
qd4986b4a,dd4bdfb4e
qd4986b4a,dd4b9e324
qd4986b4a,dd4c46150
qd4986b4a,dd4bc67a2
qd4986b4a,dd497fd7c
qd4986b4a,dd49763da
qd497f818,dd4b9e324
qd497f818,dd49763da
qd497f818,dd4bc67a2
qd497f818,dd497b9d4
qd497f818,dd497fd7c
qd497f818,dd4c20130
qd497f818,dd4c50394
qd497f818,dd4bf5a52
qd497f818,dd4bb4980
qd497f818,dd4befcce
qd497b3d0,dd4c326a0
qd497b3d0,dd49753cc
qd497b3d0,dd4bcb00e
qd497b3d0,dd4c59dea
qd497b3d0,dd4baaef8
qd497b3d0,dd4c34dec
qd497b3d0,dd4ba4792
qd497b3d0,dd4c24b7c
qd497b3d0,dd497567e
qd497b3d0,dd4b9ee6e
qd498150a,dd4b99bf8
qd498150a,dd4c4ba38
qd498150a,dd49759bc
qd498150a,dd4c12896
qd498150a,dd4c0748c
qd498150a,dd4c0aec0
qd498150a,dd498315c
qd498150a,dd4bb7450
qd498150a,dd4b9ef54
qd498150a,dd4bcaf0a
qd497e724,dd4bd938e
qd497e724,dd4bb25d6
qd497e724,dd4c42172
qd497e724,dd4b953dc
qd497e724,dd498f254
qd497e724,dd4c5a20e
qd497e724,dd4bd7228
qd497e724,dd4beeb30
qd497e724,dd498b1f4
qd497e724,dd497a3f4
qd497325c,dd49732c0
qd497325c,dd4c47e6a
qd497325c,dd4987a22
qd497325c,dd497314e
qd497325c,dd4b952d8
qd497325c,dd4c5f09c
qd497325c,dd4ba543a
qd497325c,dd497cdca
qd497325c,dd4b9a63e
qd497325c,dd4bb1e4c
qd498ec5a,dd4b93a82
qd498ec5a,dd4bb5d12
qd498ec5a,dd497314e
qd498ec5a,dd4987a22
qd498ec5a,dd4b97ab0
qd498ec5a,dd4b9a152
qd498ec5a,dd4c4d342
qd498ec5a,dd497cdca
qd498ec5a,dd4b8f1c6
qd498ec5a,dd4bb3ea4
qd497ce92,dd4c5bdf2
qd497ce92,dd4bc12fc
qd497ce92,dd4b9c790
qd497ce92,dd4c16644
qd497ce92,dd4b901ac
qd497ce92,dd4c596a6
qd497ce92,dd4c09a2a
qd497ce92,dd4c5d6ca
qd497ce92,dd4bc0f5a
qd497ce92,dd4bbce6e
qd4975110,dd4bf8c16
qd4975110,dd4975e94
qd4975110,dd4c0831e
qd4975110,dd4bcf42e
qd4975110,dd498315c
qd4975110,dd4ba534a
qd4975110,dd4b94266
qd4975110,dd49797ec
qd4975110,dd496d15e
qd4975110,dd4972a1e
qd49799ea,dd4979a3a
qd49799ea,dd4c09098
qd49799ea,dd4b900b2
qd49799ea,dd4c18b10
qd49799ea,dd4b915f2
qd49799ea,dd4b9f4ea
qd49799ea,dd4b9698a
qd49799ea,dd4b995e0
qd49799ea,dd4b94720
qd49799ea,dd4be5d3c
qd4970034,dd4bd5eb4
qd4970034,dd4c25cf2
qd4970034,dd4be9ad6
qd4970034,dd4b93e60
qd4970034,dd4c248b6
qd4970034,dd4ba302c
qd4970034,dd4b9b93a
qd4970034,dd4b86b98
qd4970034,dd4b89762
qd4970034,dd4bb7108
qd498dbb6,dd4ba534a
qd498dbb6,dd4b8d254
qd498dbb6,dd4bc6fe0
qd498dbb6,dd4bb1e4c
qd498dbb6,dd4bcc1f2
qd498dbb6,dd4972226
qd498dbb6,dd4ba90f8
qd498dbb6,dd49732c0
qd498dbb6,dd4b9ea7c
qd498dbb6,dd4bd4618
qd498e7a0,dd49732c0
qd498e7a0,dd4bb8daa
qd498e7a0,dd4b93a82
qd498e7a0,dd4ba8662
qd498e7a0,dd4ba302c
qd498e7a0,dd4bc12fc
qd498e7a0,dd4bf6a7e
qd498e7a0,dd4befcce
qd498e7a0,dd4bb1e4c
qd498e7a0,dd4c09a2a
qd4970606,dd4b97e7a
qd4970606,dd4bb25d6
qd4970606,dd4bea4b8
qd4970606,dd4c5d0f8
qd4970606,dd4ba3c48
qd4970606,dd4c2c872
qd4970606,dd498b1f4
qd4970606,dd4b89942
qd4970606,dd4c2663e
qd4970606,dd4977f8c
qd4981a46,dd496f2ec
qd4981a46,dd4bc36b0
qd4981a46,dd4c5d0f8
qd4981a46,dd4c1201c
qd4981a46,dd4bcf956
qd4981a46,dd4bc9a9c
qd4981a46,dd4977f8c
qd4981a46,dd4be5ef4
qd4981a46,dd4975d4a
qd4981a46,dd4c066e0
qd498ff92,dd4ba91e8
qd498ff92,dd4b92f10
qd498ff92,dd4b87a02
qd498ff92,dd4bad842
qd498ff92,dd496d938
qd498ff92,dd4b912fa
qd498ff92,dd4bd519e
qd498ff92,dd4bf094e
qd498ff92,dd4ba3e6e
qd498ff92,dd4b93e60
qd497cd70,dd4c0781a
qd497cd70,dd4bb5d12
qd497cd70,dd4b94ed2
qd497cd70,dd4ba75b4
qd497cd70,dd497ad9a
qd497cd70,dd4c5f09c
qd497cd70,dd4bcc7c4
qd497cd70,dd4b9445a
qd497cd70,dd4be90a4
qd497cd70,dd4b8e2a8
qd4973afe,dd4c2cb10
qd4973afe,dd4bcd94e
qd4973afe,dd4c282fe
qd4973afe,dd4c50f60
qd4973afe,dd4bf6a7e
qd4973afe,dd4b994c8
qd4973afe,dd4be1b9c
qd4973afe,dd4be8cbc
qd4973afe,dd4c111ee
qd4973afe,dd4bdddee
qd497ba9c,dd497bae2
qd497ba9c,dd4c38834
qd497ba9c,dd4bae42c
qd497ba9c,dd4b8b3f0
qd497ba9c,dd4b952d8
qd497ba9c,dd4bf1722
qd497ba9c,dd4c4d824
qd497ba9c,dd4bc9bbe
qd497ba9c,dd4c608ac
qd497ba9c,dd4bdac8e
qd4989174,dd4c4dea0
qd4989174,dd4be3640
qd4989174,dd4bc7eb8
qd4989174,dd4b8f1c6
qd4989174,dd4ba7f28
qd4989174,dd4bc12fc
qd4989174,dd4bd3d9e
qd4989174,dd4c5d0f8
qd4989174,dd4ba2eba
qd4989174,dd4c09a2a
qd497857c,dd4c56bb8
qd497857c,dd496daaa
qd497857c,dd4ba302c
qd497857c,dd4bd0d60
qd497857c,dd4c16644
qd497857c,dd4b92a2e
qd497857c,dd4b9b93a
qd497857c,dd4c4d342
qd497857c,dd4b9c02e
qd497857c,dd4bc12fc
qd4987540,dd4bc7c60
qd4987540,dd4b8c7be
qd4987540,dd4c31ebc
qd4987540,dd4bed97e
qd4987540,dd4c0831e
qd4987540,dd49797ec
qd4987540,dd4b9cfc4
qd4987540,dd4bdddee
qd4987540,dd4c36fde
qd4987540,dd4be3640
qd4984e8a,dd4970f84
qd4984e8a,dd4c4ad90
qd4984e8a,dd4b93a82
qd4984e8a,dd4b9dc1c
qd4984e8a,dd497314e
qd4984e8a,dd4c58382
qd4984e8a,dd4bb655a
qd4984e8a,dd4c111ee
qd4984e8a,dd4bc12fc
qd4984e8a,dd4c596a6
qd498bf64,dd4bc54e2
qd498bf64,dd4c09a2a
qd498bf64,dd497e4cc
qd498bf64,dd4bfd414
qd498bf64,dd4c2423a
qd498bf64,dd4bd52b6
qd498bf64,dd4b8e8f2
qd498bf64,dd4c5bdf2
qd498bf64,dd4c0ce78
qd498bf64,dd4bbc040
qd497ffde,dd4b9af30
qd497ffde,dd4c3e3e2
qd497ffde,dd4bcff28
qd497ffde,dd4c53260
qd497ffde,dd4c111ee
qd497ffde,dd4c4c0f0
qd497ffde,dd4c4dea0
qd497ffde,dd4bbb370
qd497ffde,dd4bcbb1c
qd497ffde,dd4bdd420
qd49818ac,dd4b92f10
qd49818ac,dd4ba91e8
qd49818ac,dd49818fc
qd49818ac,dd4b93d66
qd49818ac,dd4b87a02
qd49818ac,dd496d938
qd49818ac,dd4ba3e6e
qd49818ac,dd4b912fa
qd49818ac,dd4bd519e
qd49818ac,dd4bad842
qd498e9f8,dd4bc7c60
qd498e9f8,dd496fc06
qd498e9f8,dd4976a9c
qd498e9f8,dd4b8c7be
qd498e9f8,dd4bd4820
qd498e9f8,dd4befcce
qd498e9f8,dd4c5fd4e
qd498e9f8,dd4c51064
qd498e9f8,dd4bdcc0a
qd498e9f8,dd4bc12fc
qd49805a6,dd4ba3d92
qd49805a6,dd4bf0eb2
qd49805a6,dd4b94266
qd49805a6,dd4c39c3e
qd49805a6,dd4ba543a
qd49805a6,dd4bf8c16
qd49805a6,dd4c63b10
qd49805a6,dd4b9b93a
qd49805a6,dd497d70c
qd49805a6,dd4bbc5d6
qd497977e,dd4b8b4d6
qd497977e,dd4bb3648
qd497977e,dd49797ec
qd497977e,dd4b90684
qd497977e,dd4c24b7c
qd497977e,dd4b8af54
qd497977e,dd4ba3c48
qd497977e,dd4b9af30
qd497977e,dd4bdc4da
qd497977e,dd4c2663e
qd49789be,dd4c1da48
qd49789be,dd4c13e26
qd49789be,dd4bc2f30
qd49789be,dd4bace88
qd49789be,dd4b88aa6
qd49789be,dd4b9beda
qd49789be,dd4baa73c
qd49789be,dd4c32894
qd49789be,dd4bc0adc
qd49789be,dd4b91b88
qd4982f22,dd4ba5fa2
qd4982f22,dd497d298
qd4982f22,dd4bcdaf2
qd4982f22,dd498af42
qd4982f22,dd4b9f292
qd4982f22,dd4c26116
qd4982f22,dd4c453ae
qd4982f22,dd4c49d50
qd4982f22,dd4982f7c
qd4982f22,dd4bde83e
qd4989f8e,dd4c0ce78
qd4989f8e,dd4c09a2a
qd4989f8e,dd4bd002c
qd4989f8e,dd4bc12fc
qd4989f8e,dd4bd74e4
qd4989f8e,dd4bdeac8
qd4989f8e,dd4bd7caa
qd4989f8e,dd4ba4e36
qd4989f8e,dd4bca866
qd4989f8e,dd4bdb65c
qd496ce3e,dd496ce98
qd496ce3e,dd4970e26
qd496ce3e,dd4c1311a
qd496ce3e,dd4b93a82
qd496ce3e,dd4c5fd4e
qd496ce3e,dd4bcef88
qd496ce3e,dd4bf6a7e
qd496ce3e,dd4bc12fc
qd496ce3e,dd4bb340e
qd496ce3e,dd4c57766
qd498d4f4,dd4bdf86a
qd498d4f4,dd4bdddee
qd498d4f4,dd4bdcc0a
qd498d4f4,dd4bae530
qd498d4f4,dd49719f2
qd498d4f4,dd4b96390
qd498d4f4,dd4b8da4c
qd498d4f4,dd4bdb968
qd498d4f4,dd4c4fc1e
qd498d4f4,dd4c580b2
qd4978842,dd4978892
qd4978842,dd4bcd6a6
qd4978842,dd4c44e90
qd4978842,dd4bd103a
qd4978842,dd4bcd4da
qd4978842,dd4be9d60
qd4978842,dd4bfa8cc
qd4978842,dd4c4b376
qd4978842,dd4b9af30
qd4978842,dd4bcb0cc
qd4975386,dd4b8c110
qd4975386,dd4c45e44
qd4975386,dd4c4d248
qd4975386,dd4bd2e3a
qd4975386,dd4ba1894
qd4975386,dd4ba850e
qd4975386,dd4c02784
qd4975386,dd4c0748c
qd4975386,dd4bbc7ca
qd4975386,dd49797ec
qd4970a48,dd4c1ca1c
qd4970a48,dd4b9cde4
qd4970a48,dd4bef95e
qd4970a48,dd4c20c52
qd4970a48,dd4ba1894
qd4970a48,dd4bf189e
qd4970a48,dd4c4d522
qd4970a48,dd4bd52b6
qd4970a48,dd4bb6c12
qd4970a48,dd4ba043a
qd4978716,dd4bb90d4
qd4978716,dd4ba7a78
qd4978716,dd4ba3af4
qd4978716,dd4b916e2
qd4978716,dd4b8f1c6
qd4978716,dd4c4fb38
qd4978716,dd4c4d626
qd4978716,dd4ba74c4
qd4978716,dd4c4d342
qd4978716,dd4bd7318
qd497942c,dd4bc0adc
qd497942c,dd4c32894
qd497942c,dd4b88aa6
qd497942c,dd4b96ca0
qd497942c,dd4bc2f30
qd497942c,dd4b8c4ee
qd497942c,dd4be8cbc
qd497942c,dd4b9cccc
qd497942c,dd4b9bda4
qd497942c,dd4c5f894
qd4977596,dd4982f7c
qd4977596,dd4c00844
qd4977596,dd4bae530
qd4977596,dd4c17c74
qd4977596,dd498ba0a
qd4977596,dd4c26116
qd4977596,dd4c62fb2
qd4977596,dd4c49d50
qd4977596,dd497edaa
qd4977596,dd4973a2c
qd4979030,dd4970f84
qd4979030,dd4c57b08
qd4979030,dd4c47e6a
qd4979030,dd4b9dc1c
qd4979030,dd4c4ad90
qd4979030,dd4b9df82
qd4979030,dd4973d88
qd4979030,dd4b952d8
qd4979030,dd4c53418
qd4979030,dd4b9445a
qd498da94,dd4c1a4c4
qd498da94,dd4c2403c
qd498da94,dd498682a
qd498da94,dd4bd5eb4
qd498da94,dd4b9ea7c
qd498da94,dd4c544d0
qd498da94,dd4bb7108
qd498da94,dd4b89dc0
qd498da94,dd4b89762
qd498da94,dd4ba4fb2
qd49742ec,dd4c248b6
qd49742ec,dd496daaa
qd49742ec,dd4bdb65c
qd49742ec,dd4bd0d60
qd49742ec,dd4b92a2e
qd49742ec,dd4ba8662
qd49742ec,dd4b9c02e
qd49742ec,dd4b93a82
qd49742ec,dd4bc12fc
qd49742ec,dd4ba302c
qd4987eb4,dd4c5a9f2
qd4987eb4,dd4bcef88
qd4987eb4,dd4bca866
qd4987eb4,dd4c56e56
qd4987eb4,dd4bce1c8
qd4987eb4,dd4ba2c44
qd4987eb4,dd4bf1cfe
qd4987eb4,dd4ba4fb2
qd4987eb4,dd4b97e7a
qd4987eb4,dd4c63b10
qd4973676,dd49736c6
qd4973676,dd4b87b10
qd4973676,dd4c009b6
qd4973676,dd4bd938e
qd4973676,dd4c1e8a8
qd4973676,dd4ba3590
qd4973676,dd4c24e1a
qd4973676,dd4c2acb6
qd4973676,dd4bc7eb8
qd4973676,dd4bcde76
qd4989c8c,dd4c22fb6
qd4989c8c,dd49763da
qd4989c8c,dd4bc6856
qd4989c8c,dd4b9e324
qd4989c8c,dd4c46150
qd4989c8c,dd4bdfb4e
qd4989c8c,dd4c5f290
qd4989c8c,dd497fd7c
qd4989c8c,dd4c00dee
qd4989c8c,dd4bc67a2
qd49873e2,dd4b9b93a
qd49873e2,dd4987432
qd49873e2,dd4ba302c
qd49873e2,dd4bcfe2e
qd49873e2,dd4c6501e
qd49873e2,dd49901cc
qd49873e2,dd4bbd79c
qd49873e2,dd4b94b76
qd49873e2,dd4be0756
qd49873e2,dd4bd3006
qd49751f6,dd4975250
qd49751f6,dd4c08bd4
qd49751f6,dd4b8f1c6
qd49751f6,dd4bb90d4
qd49751f6,dd4ba7f28
qd49751f6,dd4bb6398
qd49751f6,dd4ba02f0
qd49751f6,dd4b8c6e2
qd49751f6,dd4983832
qd49751f6,dd4bff354
qd497ab06,dd4bcc92c
qd497ab06,dd4c5093e
qd497ab06,dd4bc83ae
qd497ab06,dd4b9cccc
qd497ab06,dd4ba9b70
qd497ab06,dd4bf89fa
qd497ab06,dd4ba6b50
qd497ab06,dd4baa73c
qd497ab06,dd4c13e26
qd497ab06,dd4c1da48
qd49741b6,dd4bb3ea4
qd49741b6,dd4b93a82
qd49741b6,dd497314e
qd49741b6,dd49741fc
qd49741b6,dd498c338
qd49741b6,dd4bc9f60
qd49741b6,dd4bf04da
qd49741b6,dd4987a22
qd49741b6,dd4c08bd4
qd49741b6,dd4ba7f28
qd498d0f8,dd497bae2
qd498d0f8,dd4c38834
qd498d0f8,dd4bae42c
qd498d0f8,dd4bdddee
qd498d0f8,dd4ba1894
qd498d0f8,dd4c538a0
qd498d0f8,dd4bb8daa
qd498d0f8,dd4ba3c48
qd498d0f8,dd4bc12fc
qd498d0f8,dd4b952d8
qd497c816,dd4bca866
qd497c816,dd4baad2c
qd497c816,dd4c282fe
qd497c816,dd4bdb65c
qd497c816,dd4c63b10
qd497c816,dd4bd7caa
qd497c816,dd4bd74e4
qd497c816,dd4c0ce78
qd497c816,dd4bb8daa
qd497c816,dd4c1a4c4
qd4988ecc,dd4c515dc
qd4988ecc,dd4c1618a
qd4988ecc,dd4bcc1f2
qd4988ecc,dd4bf6a7e
qd4988ecc,dd4b9d988
qd4988ecc,dd4bc12fc
qd4988ecc,dd4b91b88
qd4988ecc,dd4bf297e
qd4988ecc,dd4bb66cc
qd4988ecc,dd4befcce
qd4982266,dd49822ca
qd4982266,dd4c2afae
qd4982266,dd4ba4062
qd4982266,dd4b8874a
qd4982266,dd4b9e478
qd4982266,dd4c46786
qd4982266,dd4c2f16c
qd4982266,dd4c59b2e
qd4982266,dd4c4c438
qd4982266,dd4b905bc
qd4985e34,dd4be8cbc
qd4985e34,dd4b9cccc
qd4985e34,dd4b9bda4
qd4985e34,dd4b88aa6
qd4985e34,dd4c17b16
qd4985e34,dd4b8e046
qd4985e34,dd4b91b88
qd4985e34,dd496e8ec
qd4985e34,dd4c13e26
qd4985e34,dd4b8ebcc
qd4989714,dd4bd74e4
qd4989714,dd4c26116
qd4989714,dd4bd7caa
qd4989714,dd4c0e5c0
qd4989714,dd4bb6c12
qd4989714,dd4c5d6ca
qd4989714,dd4bce1c8
qd4989714,dd4bb8daa
qd4989714,dd498af42
qd4989714,dd49877e8
